agi	symbol	family	n_targets	protein_name	short_description	summary	uniprot
AT1G01060	LHY	MYB-related	13356	Protein LHY	Homeodomain-like superfamily protein	LHY encodes a myb-related putative transcription factor involved in circadian rhythm along with another myb transcription factor CCA1	Protein LHY | MYB-related transcription factor LHY | Protein LATE ELONGATED HYPOCOTYL — Transcription factor involved in the circadian clock. Binds to the promoter region of APRR1/TOC1 and TCP21/CHE to repress their transcription. Represses both CCA1 and itself. May recognize the promoter of JMJ14 to regulates its expression during the night in a circadian manner.
AT1G01250	ERF023	AP2/ERF	667	Ethylene-responsive transcription factor ERF023	Integrase-type DNA-binding superfamily protein	encodes a member of the DREB subfamily A-4 of ERF/AP2 transcription factor family. The protein contains one AP2 domain. There are 17 members in this subfamily including TINY.	Ethylene-responsive transcription factor ERF023 — Probably acts as a transcriptional activator. Binds to the GCC-box pathogenesis-related promoter element. May be involved in the regulation of gene expression by stress factors and by components of stress signal transduction pathways.
AT1G01720	ATAF1	NAC	7615	NAC domain-containing protein 2	NAC (No Apical Meristem) domain transcriptional regulator superfamily protein	Belongs to a large family of putative transcriptional activators with NAC domain. Transcript level increases in response to wounding and abscisic acid. ATAF1 attentuates ABA signaling and sythesis. Mutants are hyposensitive to ABA.	NAC domain-containing protein 2 | ANAC002
AT1G02230	NAC004	NAC	7245	NAC domain-containing protein 4	NAC domain containing protein 4	NAC domain containing protein 4;(source:Araport11)	NAC domain-containing protein 4 | ANAC004
AT1G02250	NAC005	NAC	6448	NAC domain-containing protein 5	NAC domain containing protein 5	Encodes a member of the NAC family of transcription factors. ANAC005 contains sequences specifying both nuclear and plasma membrane targeting. Overexpression results in increased xylem differentiation suggesting ANAC005 promotes xylem formation.	NAC domain-containing protein 5 | ANAC005
AT1G03800	ERF10	AP2/ERF	4168	Ethylene-responsive transcription factor 10	ERF domain protein 10	encodes a member of the ERF (ethylene response factor) subfamily B-1 of ERF/AP2 transcription factor family (ATERF-10). The protein contains one AP2 domain. There are 15 members in this subfamily including ATERF-3, ATERF-4, ATERF-7, and leafy petiole.	Ethylene-responsive transcription factor 10 | AtERF10 | Ethylene-responsive element-binding factor 10 | EREBP-10 — Involved in the regulation of gene expression by stress factors and by components of stress signal transduction pathways. Transcription factor that binds to the GCC-box pathogenesis-related promoter element. Acts as a transcriptional inhibitor and may regulate other AtERFs.
AT1G03840	MGP	C2H2	3424	Zinc finger protein MAGPIE	C2H2 and C2HC zinc fingers superfamily protein	MGP is a nuclear-localized putative transcription factor with three zinc finger domains. MGP can interact with three proteins implicated in root patterning: SCR, SHR, and JKD in Y2H assays, and these interactions depend on the first zinc finger in MGP. MGP appears to be a direct transcriptional target of SHR and SCR, based on promoter binding assays, though it is not expressed in the QC, based on in situ hybridizations.	Zinc finger protein MAGPIE | Protein POLLEN SPECIFIC GENE 3 | Protein indeterminate-domain 3 | AtIDD3 — Transcription factor that regulates tissue boundaries and asymmetric cell division. Contributes to the sequestration of 'SHORT-ROOT' to the nucleus. Interacts with the SCR and MGP promoters. Does not show transcription activity by itself, but regulates the transcription of downstream genes through interaction with other transcription factors. Binds DNA via its zinc fingers. Recognizes and binds to SCL3 promoter sequence 5'-AGACAA-3' to promote its expression when in complex with RGA. Positively involved in gibberellic acid (GA) signaling.
AT1G06180	MYB13	MYB	2422	Transcription factor MYB13	myb domain protein 13	member of MYB3R- and R2R3- type MYB- encoding genes	Transcription factor MYB13 | ATMYBL1 | Myb-related protein 13 | AtMYB13 — Plays a regulatory role in meristem function. Functions as component of a regulatory network controlling the establishment and/or development of the shoot system by the regulation of apical meristem function. May play a role in tolerance to boric acid.
AT1G06280	LBD2	LBD	13633	LOB domain-containing protein 2	LOB domain-containing protein 2	LOB domain-containing protein 2;(source:Araport11)	LOB domain-containing protein 2 | ASYMMETRIC LEAVES 2-like protein 32 | AS2-like protein 32
AT1G06850	bZIP52	bZIP	8914	Basic leucine-zipper 52	basic leucine-zipper 52	bZIP protein involved in heat stress response. Under heat stress localization moves exclusively to nucleus.	Basic leucine-zipper 52
AT1G08010	GATA11	GATA	2746	GATA transcription factor 11	GATA transcription factor 11	Encodes a member of the GATA factor family of zinc finger transcription factors.	GATA transcription factor 11 — Transcriptional activator that specifically binds 5'-GATA-3' or 5'-GAT-3' motifs within gene promoters. May be involved in the regulation of some light-responsive genes.
AT1G08320	TGA9	bZIP	11043	Transcription factor TGA9	bZIP transcription factor family protein	As part of miR319-TCPs-TGA9/TGA10/ROXY2 regulatory module controls cell fate specification in early anther development.	Transcription factor TGA9 | Protein TGACG (TGA) motif-binding protein 9 | bZIP transcription factor 21 | AtbZIP21 — Together with TGA10, basic leucine-zipper transcription factor required for anther development, probably via the activation of SPL expression in anthers and via the regulation of genes with functions in early and middle tapetal development. Required for signaling responses to pathogen-associated molecular patterns (PAMPs) such as flg22 that involves chloroplastic reactive oxygen species (ROS) production and subsequent expression of H(2)O(2)-responsive genes.
AT1G09540	MYB61	MYB	11242	Transcription factor MYB61	myb domain protein 61	Encodes putative transcription factor. Mutants lack of mucilage extrusion from the seeds during imbibition.  Reduced quantities of mucilage are deposited during the development of the seed coat epidermis in myb61 mutants. Expressed in guard cells,loss of function mutations show an increase in stomatal pore opening suggesting a role in ABA independent regulation of stomatal pore size.	Transcription factor MYB61 | Myb-related protein 61 | AtMYB61 — Transcription factor that coordinates a small network of downstream target genes required for several aspects of plant growth and development, such as xylem formation and xylem cell differentiation, and lateral root formation. Regulates a specific set of target genes by binding DNA to the AC cis-element 5'-ACCTAC-3'. Functions as a transcriptional regulator of stomatal closure. Plays a role the regulation of stomatal pore size independently of abscisic acid (ABA). Required for seed coat mucilage deposition during the development of the seed coat epidermis. Involved in the induction of trichome initiation and branching by positively regulating GL1 and GL2. Required for gibberellin (GA) biosynthesis and degradation by positively affecting the expression of the enzymes that convert GA9 into the bioactive GA4, as well as the enzymes involved in the degradation of GA4.
AT1G12260	NAC007	NAC	8416	NAC domain-containing protein 7	NAC 007	Encodes a NAC-domain transcription factor that is expressed in developing xylem. Over expression of this protein causes ectopic secondary cell wall growth. Complements some of the cell wall defects seen in SND1/NST1 double mutants.	NAC domain-containing protein 7 | ANAC007 | Protein EMBRYO DEFECTIVE 2749 | Protein VASCULAR RELATED NAC-DOMAIN 4 — Transcription activator that binds to the secondary wall NAC binding element (SNBE), 5'-(T/A)NN(C/T)(T/C/G)TNNNNNNNA(A/C)GN(A/C/T)(A/T)-3', in the promoter of target genes. Involved in xylem formation by promoting the expression of secondary wall-associated transcription factors and of genes involved in secondary wall biosynthesis and programmed cell death, genes driven by the secondary wall NAC binding element (SNBE). Triggers thickening of secondary walls.
AT1G12610	DDF1	AP2/ERF	2205	Dehydration-responsive element-binding protein 1F	Integrase-type DNA-binding superfamily protein	Encodes a member of the DREB subfamily A-1 of ERF/AP2 transcription factor family (DDF1). The protein contains one AP2 domain. There are six members in this subfamily, including CBF1, CBF2, and CBF3. Overexpression of this gene results in delayed flowering and dwarfism, reduction of gibberellic acid biosynthesis, and increased tolerance to high levels of salt. This gene is expressed in all tissues examined, but most abundantly expressed in upper stems. Overexpression of this gene is also correlated with increased expression of GA biosynthetic genes and RD29A (a cold and drought responsive gene). Under salt stress it induces the expression of GAOX7, which encodes ad C20-GA inhibitor.	Dehydration-responsive element-binding protein 1F | Protein DREB1F — Transcriptional activator that binds specifically to the DNA sequence 5'-[AG]CCGAC-3'. Binding to the C-repeat/DRE element mediates cold or dehydration-inducible transcription. CBF/DREB1 factors play a key role in freezing tolerance and cold acclimation.
AT1G12630	ERF027	AP2/ERF	8711	Ethylene-responsive transcription factor ERF027	Integrase-type DNA-binding superfamily protein	encodes a member of the DREB subfamily A-4 of ERF/AP2 transcription factor family. The protein contains one AP2 domain. There are 17 members in this subfamily including TINY.	Ethylene-responsive transcription factor ERF027 — Probably acts as a transcriptional activator. Binds to the GCC-box pathogenesis-related promoter element. May be involved in the regulation of gene expression by stress factors and by components of stress signal transduction pathways.
AT1G13260	RAV1	AP2/ERF	9335	AP2/ERF and B3 domain-containing transcription factor RAV1	related to ABI3/VP1 1	Encodes an AP2/B3 domain transcription factor which is upregulated in response to low temperature. It contains a B3 DNA binding domain. It has circadian regulation and may function as a negative growth regulator.	AP2/ERF and B3 domain-containing transcription factor RAV1 | Ethylene-responsive transcription factor RAV1 | Protein RELATED TO ABI3/VP1 1 — Binds specifically to bipartite recognition sequences composed of two unrelated motifs, 5'-CAACA-3' and 5'-CACCTG-3'. May function as negative regulator of plant growth and development.
AT1G13450	GT-1	Trihelix	418	Trihelix transcription factor GT-1	Homeodomain-like superfamily protein	Encodes GT-1, a plant transcription factor that binds to one of the cis-acting elements, BoxII, which resides within the upstream promoter region of light-responsive genes. GT-1 was assumed to act as a molecular switch modulated through Ca(2+)-dependent phosphorylation/dephosphorylation in response to light signals.	Trihelix transcription factor GT-1 | Trihelix DNA-binding protein GT-1 — Probable transcription factor that binds specifically to the core DNA sequence 5'-GGTTAA-3'. May act as a molecular switch in response to light signals.
AT1G14687	HB32	ZF-HD	12176	Zinc-finger homeodomain protein 14	homeobox protein 32	homeobox protein 32;(source:Araport11)	Zinc-finger homeodomain protein 14 | AtZHD14 | Homeobox protein 32 | AtHB-32 — Putative transcription factor.
AT1G16490	MYB58	MYB	12389	Transcription factor MYB58	myb domain protein 58	Member of the R2R3 factor gene family.	Transcription factor MYB58 | Myb-related protein 58 | AtMYB58 — Transcriptional activator that binds DNA to the AC cis-elements 5'-ACCTACC-3', 5'-ACCAACC-3' and 5'-ACCTAAC-3' of promoters and specifically activates lignin biosynthetic genes during secondary wall formation mediated by SND1.
AT1G18330	EPR1	MYB-related	18086	Protein REVEILLE 7	Homeodomain-like superfamily protein	EARLY-PHYTOCHROME-RESPONSIVE1	Protein REVEILLE 7 | Early-phytochrome-responsive 1 | MYB-related transcription factor EPR1 — Transcription factor involved in phytochrome A-mediated cotyledon opening. Controlled by the central oscillator mediated by LHY and CCA1. Part of a regulatory circadian feedback loop. Regulates its own expression.
AT1G19000		MYB-related	13311	Homeodomain-like superfamily protein	Homeodomain-like superfamily protein	Homeodomain-like superfamily protein;(source:Araport11)	Homeodomain-like superfamily protein
AT1G19040		NAC	948	NAC	NAC (No Apical Meristem) domain transcriptional regulator superfamily protein	NAC (No Apical Meristem) domain transcriptional regulator superfamily protein;(source:Araport11)	NAC | No Apical Meristem
AT1G19210	ERF017	AP2/ERF	11787	Ethylene-responsive transcription factor ERF017	Integrase-type DNA-binding superfamily protein	encodes a member of the DREB subfamily A-5 of ERF/AP2 transcription factor family. The protein contains one AP2 domain. There are 15 members in this subfamily including RAP2.1, RAP2.9 and RAP2.10.	Ethylene-responsive transcription factor ERF017 — Probably acts as a transcriptional activator. Binds to the GCC-box pathogenesis-related promoter element. May be involved in the regulation of gene expression by stress factors and by components of stress signal transduction pathways.
AT1G19790	SRS7	SRS	8734	Protein SHI RELATED SEQUENCE 7	SHI-related sequence 7	A member of SHI gene family. Arabidopsis thaliana has ten members that encode proteins with a RING finger-like zinc finger motif. Despite being highly divergent in sequence, many of the SHI-related genes are partially redundant in function and synergistically promote gynoecium, stamen and leaf development in Arabidopsis. Regulates interspecies reproductive barriers through the regulation of cell wall modification genes.	Protein SHI RELATED SEQUENCE 7 — Transcription activator that binds DNA on 5'-ACTCTAC-3' and promotes auxin homeostasis-regulating gene expression (e.g. YUC genes), as well as genes affecting stamen development, cell expansion and timing of flowering. Synergistically with other SHI-related proteins, regulates gynoecium, stamen and leaf development in a dose-dependent manner, controlling apical-basal patterning. Promotes style and stigma formation, and influences vascular development during gynoecium development. May also have a role in the formation and/or maintenance of the shoot apical meristem (SAM). Regulates anther dehiscence and floral development.
AT1G19850	MP	B3	16725	Auxin response factor 5	Transcriptional factor B3 family protein / auxin-responsive factor AUX/IAA-related	Encodes a transcription factor (IAA24) mediating embryo axis formation and vascular development. Similar to AUXIN RESPONSIVE FACTOR 1 (ARF1) shown to bind to auxin responsive elements (AREs), and to the maize transcriptional activator VIVIPAROUS 1( VP1). In situ hybridization shows expression in provascular tissue of embryos, the emerging shoot primordia, then is restricted to provascular tissue, and in the root central vascular cylinder.	Auxin response factor 5 | Auxin-responsive protein IAA24 | Transcription factor MONOPTEROS — Auxin response factors (ARFs) are transcriptional factors that bind specifically to the DNA sequence 5'-TGTCTC-3' found in the auxin-responsive promoter elements (AuxREs). Seems to act as transcriptional activator. Formation of heterodimers with Aux/IAA proteins may alter their ability to modulate early auxin response genes expression. Mediates embryo axis formation and vascular tissues differentiation. Functionally redundant with ARF7. May be necessary to counteract AMP1 activity.
AT1G20910	ARID6	ARID	6556	AT-rich interactive domain-containing protein 6	ARID/BRIGHT DNA-binding domain-containing protein	ARID/BRIGHT DNA-binding domain-containing protein;(source:Araport11)	AT-rich interactive domain-containing protein 6 | ARID domain-containing protein 6
AT1G20980	SPL14	SBP	2263	Squamosa promoter-binding-like protein 14	squamosa promoter binding protein-like 14	Encodes a nuclear plant-specific protein with features characteristic of a transcriptional regulator, including a nuclear localization signal sequence, a plant-specific DNA binding domain (the SBP box), and a protein interaction motif (ankyrin repeats). It unctions as a transcriptional regulator that plays a role not only in sensitivity to FB1, but also in the development of normal plant architecture.	Squamosa promoter-binding-like protein 14 | Protein FUMONISIN B1-RESISTANT 6 | SPL1-related protein 2 — Trans-acting factor that binds specifically to the consensus nucleotide sequence 5'-TNCGTACAA-3'. May play a role in plant development.
AT1G22070	TGA3	bZIP	3067	Transcription factor TGA3	TGA1A-related gene 3	Encodes a transcription factor. Like other TGAla-related factors, TGA3 has a highly conserved bZIP region and exhibits similar DNA-binding properties.	Transcription factor TGA3 | bZIP transcription factor 22 | AtbZIP22 — Transcriptional activator that binds specifically to the DNA sequence 5'-TGACG-3'. Recognizes ocs elements like the as-1 motif of the cauliflower mosaic virus 35S promoter. Binding to the as-1-like cis elements mediate auxin- and salicylic acid-inducible transcription. Required to induce the systemic acquired resistance (SAR) via the regulation of pathogenesis-related genes expression. Binding to the as-1 element of PR-1 promoter is salicylic acid-inducible and mediated by sumoylated NPR1. Could also bind to the Hex-motif (5'-TGACGTGG-3') another cis-acting element found in plant histone promoters.
AT1G22810	ERF019	AP2/ERF	4755	Ethylene-responsive transcription factor ERF019	Integrase-type DNA-binding superfamily protein	encodes a member of the DREB subfamily A-5 of ERF/AP2 transcription factor family. The protein contains one AP2 domain. There are 16 members in this subfamily including RAP2.1, RAP2.9 and RAP2.10. Overexpression leands to delayed senescence and delayed flowering. Negatively regulates plant resistance to P. parasitica by suppressing PAMP-triggered immunity.	Ethylene-responsive transcription factor ERF019 — Probably acts as a transcriptional activator. Binds to the GCC-box pathogenesis-related promoter element. May be involved in the regulation of gene expression by stress factors and by components of stress signal transduction pathways.
AT1G24250		PAH (SIN3-like)	2109	Paired amphipathic helix	Paired amphipathic helix (PAH2) superfamily protein	Paired amphipathic helix (PAH2) superfamily protein;(source:Araport11)	Paired amphipathic helix | PAH2
AT1G25340	MYB116	MYB	7574	Myb domain protein 116	myb domain protein 116	putative transcription factor (MYB116)	Myb domain protein 116
AT1G25550	HHO3	G2-like (GARP)	8465	Transcription factor HHO3	myb-like transcription factor family protein	Member of HHO/HRS GARP type transcriptional repressor family. Involved in Pi uptake and Pi starvation signaling. Transcriptional repressors that functions with other NIGT genes as an important hub in the nutrient signaling network associated with the acquisition and use of nitrogen and phosphorus.	Transcription factor HHO3 | MYB-domain transcription factor HHO3 | Protein HRS1 HOMOLOG 3 — Probable transcription factor involved in phosphate signaling in roots.
AT1G27730	STZ	C2H2	14675	Zinc finger protein ZAT10	salt tolerance zinc finger	Related to Cys2/His2-type zinc-finger proteins found in land plants. Compensated for a subset of calcineurin deficiency in yeast. Salt tolerance produced by ZAT10 appeared to be partially dependent on ENA1/PMR2, a P-type ATPase required for Li+ and Na+ efflux in yeast. The protein is localized to the nucleus, acts as a transcriptional repressor and is responsive to chitin oligomers. Also involved in response to photooxidative stress.	Zinc finger protein ZAT10 | Salt-tolerance zinc finger — Transcriptional repressor involved in abiotic stress responses. Can repress the stress responsive genes DREB1A and LTI78. Probably involved in jasmonate (JA) early signaling response. May regulate the expression of the JA biosynthesis gene LOX3 and control the expression of TIFY10A/JAZ1, a key repressor in the JA signaling cascade.
AT1G28160	ERF087	AP2/ERF	6804	Ethylene-responsive transcription factor ERF087	Integrase-type DNA-binding superfamily protein	encodes a member of the ERF (ethylene response factor) subfamily B-1 of ERF/AP2 transcription factor family. The protein contains one AP2 domain. There are 15 members in this subfamily including ATERF-3, ATERF-4, ATERF-7, and leafy petiole.	Ethylene-responsive transcription factor ERF087 — Probably acts as a transcriptional activator. Binds to the GCC-box pathogenesis-related promoter element. May be involved in the regulation of gene expression by stress factors and by components of stress signal transduction pathways.
AT1G28370	ERF11	AP2/ERF	5657	Ethylene-responsive transcription factor 11	ERF domain protein 11	encodes a member of the ERF (ethylene response factor) subfamily B-1 of ERF/AP2 transcription factor family. The protein contains one AP2 domain. There are 15 members in this subfamily including ATERF-3, ATERF-4, ATERF-7, and leafy petiole.	Ethylene-responsive transcription factor 11 | AtERF11 | Ethylene-responsive element-binding factor 11 | EREBP-11 — Involved in the regulation of gene expression by stress factors and by components of stress signal transduction pathways. Transcription factor that binds to the GCC-box pathogenesis-related promoter element. Acts as a transcriptional inhibitor and may regulate other AtERFs.
AT1G28470	NAC010	NAC	16845	NAC domain-containing protein 10	NAC domain containing protein 10	NAC domain containing protein 10;(source:Araport11)	NAC domain-containing protein 10 | ANAC010 | Protein SECONDARY WALL-ASSOCIATED NAC DOMAIN PROTEIN 3 — Transcriptional activator that plays a regulatory role in the development of secondary cell wall fibers. Is a direct target of SND1.
AT1G29160	DOF1.5	Dof	8733	Dof zinc finger protein DOF1.5	Dof-type zinc finger DNA-binding family protein	Encodes a DOF transcription factor involved in seed coat development. Regulates PRX2 and PRX25, involved in seed longevity. Binds to promoters of and positively regulates the expression of  several  LHCA and LHCB genes.	Dof zinc finger protein DOF1.5 | AtDOF1.5 — Transcription factor that binds specifically to a 5'-AA[AG]G-3' consensus core sequence. Acts as a negative regulator in the phytochrome-mediated light responses. Controls phyB-mediated end-of-day response and the phyA-mediated anthocyanin accumulation. Not involved in direct flowering time regulation.
AT1G29280	WRKY65	WRKY	10214	Probable WRKY transcription factor 65	WRKY DNA-binding protein 65	member of WRKY Transcription Factor; Group II-e	Probable WRKY transcription factor 65 | WRKY DNA-binding protein 65 — Transcription factor. Interacts specifically with the W box (5'-(T)TGAC[CT]-3'), a frequently occurring elicitor-responsive cis-acting element.
AT1G29860	WRKY71	WRKY	7206	WRKY transcription factor 71	WRKY DNA-binding protein 71	Encodes a member of WRKY Transcription Factor; Group II-c that mediates ethylene signaling and synthesis to hasten leaf senescence.	WRKY transcription factor 71 | WRKY DNA-binding protein 71 — Transcription factor. Interacts specifically with the W box (5'-(T)TGAC[CT]-3'), a frequently occurring elicitor-responsive cis-acting element.
AT1G30210	TCP24	TCP	3053	Transcription factor TCP24	TEOSINTE BRANCHED 1, cycloidea, and PCF family 24	TCP family protein involved in heterochronic regulation of leaf differentiation. Represses photomorphogenic growth in miR319-dependent manner. Together with TCP4, 2, 3 and 10 enhances hypocotyl cell elongation by directly activating YUC5.	Transcription factor TCP24 — Plays a pivotal role in the control of morphogenesis of shoot organs by negatively regulating the expression of boundary-specific genes such as CUC genes, probably through the induction of miRNA (e.g. miR164). In association with ABAP1, exerts a negative role in cell proliferation in leaves, possibly by inhibiting mitotic DNA replication. Participates in ovule development.
AT1G30490	PHV	HD (homeobox)	7375	Homeobox-leucine zipper protein ATHB-9	Homeobox-leucine zipper family protein / lipid-binding START domain-containing protein	Dominant PHV mutations cause transformation of abaxial leaf fates into adaxial leaf fates. Has overlapping functions with PHABULOSA, REVOLUTA and CORONA/ATHB15 in patterning the apical portion of the embryo. Encodes a member of HD-Zip family which contains homeodomain-leucine zipper domains and domain similar to a mammalian sterol binding domain.	Homeobox-leucine zipper protein ATHB-9 | HD-ZIP protein ATHB-9 | Homeodomain transcription factor ATHB-9 | Protein PHAVOLUTA — Probable transcription factor involved in the determination of adaxial-abaxial polarity in ovule primordium. Specifies adaxial leaf fates. Binds to the DNA sequence 5'-GTAAT[GC]ATTAC-3'.
AT1G30650	WRKY14	WRKY	7241	Probable WRKY transcription factor 14	WRKY DNA-binding protein 14	Encodes a member of the WRKY Transcription Factor family, Group II-e. It plays critical roles in the repression  of plant thermomorphogenesis. WRKY14 represses expression of PIF4 at the transcriptional level, as well as the transactivation activity of the PIF4-TCP5 complex at the protein level, by interacting with TCP5 during plant thermomorphogenesis.	Probable WRKY transcription factor 14 | AR411 | WRKY DNA-binding protein 14 — Transcription factor. Interacts specifically with the W box (5'-(T)TGAC[CT]-3'), a frequently occurring elicitor-responsive cis-acting element.
AT1G31140	GOA	MADS	11483	Agamous-like MADS-box protein AGL63	GORDITA	Encodes a B-sister MADS-box protein, GORDITA which is specific to the Brassicaceae. GOA is the most closely related paralog of ABS. GOA represses fruit growth and contributes to integument development.  Over-expression of GOA results in disorganized floral structure and addition of carpel-like  features to sepals.	Agamous-like MADS-box protein AGL63 | Protein GORDITA — Probable transcription factor involved in the regulation of fruit growth. Contributes to integument development. Controls organ size via cell expansion. Involved in the regulation of longitudinal growth of the fruit evenly throughout the radial axis. Functions redundantly with TT16/AGL32 to repress nucellus growth and promote its degeneration.
AT1G32150	bZIP68	bZIP	6979	bZIP transcription factor 68	basic region/leucine zipper transcription factor 68	Encodes a G group bZIP transcription factor family member that can bind cis elements with an ACGT core, such as G-box, Hex, C-box and As-1.  The protein is localized in the nucleus and can homodimerize and can heterodimerize with other G group members.	bZIP transcription factor 68 | AtbZIP68 — Transcriptional activator that binds to the G-box motif (5'-CACGTG-3') and other cis-acting elements with 5'-ACGT-3' core, such as Hex, C-box and as-1 motifs. Possesses high binding affinity to G-box, much lower affinity to Hex and C-box, and little affinity to as-1 element. G-box and G-box-like motifs are cis-acting elements defined in promoters of certain plant genes which are regulated by such diverse stimuli as light-induction or hormone control (Probable). Binds to the G-box motif 5'-CACGTG-3' of LHCB2.4 (At3g27690) promoter. May act as transcriptional activator in light-regulated expression of LHCB2.4. Probably binds DNA as monomer. DNA-binding activity is redox-dependent.
AT1G32870	NAC13	NAC	4626	NAC domain-containing protein 13	NAC domain protein 13	Expression in rosette leaves is activated by high concentration of boron.	NAC domain-containing protein 13 | ANAC013 | Protein NTM1-like 1 — Transcriptional activator activated by proteolytic cleavage through regulated intramembrane proteolysis (RIP). Involved in oxidative stress tolerance by mediating regulation of mitochondrial retrograde signaling during mitochondrial dysfunction. Interacts directly with the mitochondrial dysfunction DNA consensus motif 5'-CTTGNNNNNCA[AC]G-3', a cis-regulatory elements of several mitochondrial retrograde regulation-induced genes, and triggers increased oxidative stress tolerance.
AT1G33240	GTL1	Trihelix	14090	Trihelix transcription factor GTL1	GT-2-like 1	Encodes a plant transcriptional activator that contains two separate, but similar, trihelix DNA-binding domains, similar to GT-2. Gene is expressed in all aerial parts of the plant, with higher level of expression in siliques. At-GTL2 was thought to be a duplicated copy of this gene but is likely to be a cloning artefact, the result of a chimeric clone.  Regulates ploidy-dependent cell growth in trichome.	Trihelix transcription factor GTL1 | GT2-LIKE protein 1 | AtGTL1 | Protein GT-2-LIKE1 — Transcription repressor that binds specific DNA sequence such as GT3 box 5'-GGTAAA-3' in the SDD1 promoter. Negative regulator of water use efficiency (WUE) via the promotion of stomatal density and distribution by the transcription repression of SDD1. Regulates the expression of several cell cycle genes and endoreduplication, especially in trichomes where it prevents ploidy-dependent plant cell growth. Regulates negatively root hair growth by directly binding RSL4 promoter and repressing RSL4 expression.
AT1G34180	NAC016	NAC	10965	NAC domain-containing protein 16	NAC domain containing protein 16	NAC domain containing protein 16;(source:Araport11)	NAC domain-containing protein 16 | ANAC016 | Protein NTM1-like 3 — Transcriptional activator activated by proteolytic cleavage through regulated intramembrane proteolysis (RIP). Transcriptional activator that promotes leaf senescence by up-regulating senescence-associated genes in response to developmental and stress-induced senescence signals. Functions in salt and oxidative stress-responsive signaling pathways. Binds to the promoter of NAC029/NAP and NAC059/ORS1 genes.
AT1G34190	NAC017	NAC	9530	NAC domain-containing protein 17	NAC domain containing protein 17	Encodes a NAC domain transcription factor that regulates the mitochondrial retrograde response and coordinates organellar functions and stress responses.	NAC domain-containing protein 17 | ANAC017 | Protein NTM1-like 7 | Protein REGULATORS OF AOX1A 2 — Transcriptional activator activated by proteolytic cleavage through regulated intramembrane proteolysis (RIP). Transcriptional activator that acts as a positive regulator of AOX1A during mitochondrial dysfunction. Binds directly to AOX1A promoter. Mediates mitochondrial retrograde signaling.
AT1G34370	STOP1	C2H2	1279	Protein SENSITIVE TO PROTON RHIZOTOXICITY 1	C2H2 and C2HC zinc fingers superfamily protein	Encodes a putative nuclear Cys(2)His(2)-type zinc finger protein involved in H+ and Al3+ rhizotoxicity.  In mutants exposed to aluminum stress, there is no induction of AtALMT1, an malate transporter known to be involved in the mediation of aluminum toxicity. Cell wall of the mutant is unstable in low pH medium (pH 4.5) in low Ca solution. This would mediate Ca-alleviation of low pH stress through pectin-Ca interaction. In vitro binding and mutated-promoter-GUS assays identified that STOP1 directly activates AtALMT1 expression through the binding to the promoter by four zinc finger domains. Binding of STOP1 to promoter is an essential step of Al-inducible AtALMT1 expression.	Protein SENSITIVE TO PROTON RHIZOTOXICITY 1 | Zinc finger protein STOP1 — Probable transcription factor. Together with STOP2, plays a critical role in tolerance to major stress factors in acid soils such as proton H(+) and aluminum ion Al(3+). Required for the expression of genes in response to acidic stress (e.g. ALMT1 and MATE), and Al-activated citrate exudation.
AT1G34670	MYB93	MYB	4859	Transcription factor MYB93	myb domain protein 93	Encodes a member of the R2R3 transcription factor gene family that is a negative regulator of lateral root (LR) development. It has been proposed that this transcription factor is part of a novel negative feedback loop stimulated specifically in the endodermis upon LR initiation to ensure that LRs are formed only in the correct place.	Transcription factor MYB93 | Myb-related protein 93 | AtMYB93 — Transcription factor that acts as a negative regulator of lateral root (LR) development. Required for normal auxin responses during LR development. May be part of a negative feedback loop stimulated specifically in the endodermis upon LR initiation to ensure that LRs are formed only in the correct place.
AT1G35460	FBH1	bHLH	4976	Transcription factor bHLH80	basic helix-loop-helix (bHLH) DNA-binding superfamily protein	Encodes a bHLH transcription factor involved in CFL1-mediated regulation of cuticle development. Overexpression leads to abnormal cuticle development.	Transcription factor bHLH80 | Basic helix-loop-helix protein 80 | AtbHLH80 | bHLH 80
AT1G36060	ERF055	AP2/ERF	3127	Ethylene-responsive transcription factor ERF055	Integrase-type DNA-binding superfamily protein	Encodes a member of the DREB subfamily A-6 of ERF/AP2 transcription factor family. The protein contains one AP2 domain. There are 8 members in this subfamily including RAP2.4.Overexpression results in increased drought tolerance and vitrified leaves. Binds to DRE/GCC promoter elements and activates expression of aquaporin genes AtTIP1;1, AtTIP2;3, and AtPIP2;2.Involved in light induced suppression of germination via regulation of PIF1 and SOM expression. Its DNA binding activity is regulated by phyA and phyB.	Ethylene-responsive transcription factor ERF055 — Probably acts as a transcriptional activator. Binds to the GCC-box pathogenesis-related promoter element. May be involved in the regulation of gene expression by stress factors and by components of stress signal transduction pathways.
AT1G43160	RAP2.6	AP2/ERF	5697	Ethylene-responsive transcription factor RAP2-6	related to AP2 6	encodes a member of the ERF (ethylene response factor) subfamily B-4 of ERF/AP2 transcription factor family (RAP2.6). The protein contains one AP2 domain. There are 7 members in this subfamily.	Ethylene-responsive transcription factor RAP2-6 | Protein RELATED TO APETALA2 6 — Transcriptional activator involved in the regulation of plant development and tolerance to abiotic stresses. Binds to the GCC-box pathogenesis-related promoter element and the cis-element CE1 (coupling element 1). Involved in the regulation of gene expression in response to abiotic stresses, possibly through the abscisic acid (ABA) signaling pathway. Involved in resistance to the beet cyst nematode Heterodera schachtii in roots. May promote callose deposition at syncytia which may interfere with nutrient import into syncytia and inhibit the development of nematodes.
AT1G43700	VIP1	bZIP	1443	Transcription factor VIP1	VIRE2-interacting protein 1	Encodes a VirE2-interacting protein.  VIP1 mediates nuclear translocation of VirE2 via its amino half, and interacts with histone H2A via it carboxyl half. Involved in osmosensory response.	Transcription factor VIP1 | Protein SULPHATE UTILIZATION EFFICIENCY 3 | VirE2-interacting protein 1 | AtVIP1 — Transcription activator that binds specifically to the VIP1 response elements (VREs) DNA sequence 5'-ACNGCT-3' found in some stress genes (e.g. TRX8 and MYB44), when phosphorylated/activated by MPK3. Required for Agrobacterium VirE2 nuclear import and tumorigenicity. Promotes transient expression of T-DNA in early stages by interacting with VirE2 in complex with the T-DNA and facilitating its translocation to the nucleus, and mediates stable genetic transformation by Agrobacterium by binding H2A histone. Prevents cell differentiation and shoot formation. Limits sulfate utilization efficiency (SUE) and sulfate uptake, especially in low-sulfur conditions. Plays a role in osmosensory response by binding to the 5'-AGCTGT/G-3' DNA sequence found in the promoters of the hypoosmolarity-responsive genes CYP707A1 and CYP707A3. Involved in the negative regulation of touch-induced root bending and salt-dependent root bending.
AT1G44830	ERF014	AP2/ERF	1398	Ethylene-responsive transcription factor ERF014	Integrase-type DNA-binding superfamily protein	Encodes a nuclear-localized member of the DREB subfamily A-5 of ERF/AP2 transcription factor family. The protein contains one AP2 domain. There are 15 members in this subfamily including RAP2.1, RAP2.9 and RAP2.10.  Overexpression in cultured cells results in an increase in pectin deposition.ERF014 differentially regulates responses to bacterial and fungal  pathogens.	Ethylene-responsive transcription factor ERF014 — Probably acts as a transcriptional activator. Binds to the GCC-box pathogenesis-related promoter element. May be involved in the regulation of gene expression by stress factors and by components of stress signal transduction pathways.
AT1G45249	ABF2	bZIP	2112	ABSCISIC ACID-INSENSITIVE 5-like protein 5	abscisic acid responsive elements-binding factor 2	Leucine zipper transcription factor that binds to the abscisic acid (ABA)?responsive element (ABRE) motif in the promoter region of ABA-inducible genes. Enhances drought tolerance in vegetative tissues. Required for normal glucose response. Localized in the nucleus.  Expressed constitutively in roots,  leaf vascular tissues, and hydathodes or  in all tissues under stress conditions. It's phosphorylated by a ABA-activated 42-KDa kinase. Overexpression of the phosphorylated active form of AREB1 expressed many ABA-inducible genes, such as RD29B, without ABA treatment. Leucine zipper transcription factor that binds to the abscisic acid (ABA)?responsive element (ABRE) motif in the promoter region of ABA-inducible genes. Enhances drought tolerance in vegetative tissues. Required for normal glucose response. Localized in the nucleus.  Expressed constitutively in roots,  leaf vascular tissues, and hydathodes or  in all tissues under stress conditions. It Primes phosphorylated by a ABA-activated 42-KDa kinase. Overexpression of the phosphorylated active form of AREB1 expressed many ABA-inducible genes, such as RD29B, without ABA treatment.	ABSCISIC ACID-INSENSITIVE 5-like protein 5 | ABA-responsive element-binding protein 1 | Abscisic acid responsive elements-binding factor 2 | ABRE-binding factor 2 — Involved in ABA and stress responses and acts as a positive component of glucose signal transduction. Functions as a transcriptional activator in the ABA-inducible expression of rd29B. Binds specifically to the ABA-responsive element (ABRE) of the rd29B gene promoter.
AT1G46768	RAP2.1	AP2/ERF	1889	Ethylene-responsive transcription factor RAP2-1	related to AP2 1	encodes a member of the DREB subfamily A-5 of ERF/AP2 transcription factor family (RAP2.1). The protein contains one AP2 domain. There are 16 members in this subfamily including RAP2.9 and RAP2.10.	Ethylene-responsive transcription factor RAP2-1 | Protein RELATED TO APETALA2 1 — Probably acts as a transcriptional activator. Binds to the GCC-box pathogenesis-related promoter element. May be involved in the regulation of gene expression by stress factors and by components of stress signal transduction pathways.
AT1G47655	DOF1.6	Dof	6480	Dof zinc finger protein DOF1.6	Dof-type zinc finger DNA-binding family protein	Dof-type zinc finger DNA-binding family protein;(source:Araport11)	Dof zinc finger protein DOF1.6 | AtDOF1.6 — Transcription factor that binds specifically to a 5'-AA[AG]G-3' consensus core sequence.
AT1G49010	MYBS1	MYB-related	13810	Duplicated homeodomain-like superfamily protein	Duplicated homeodomain-like superfamily protein	MYB-like transcription factor which negatively regulates heat tolerance by  directly repressing the expression of MAX1  required for strigolactone biosynthesis.	Duplicated homeodomain-like superfamily protein
AT1G49480	RTV1	B3	15124	B3 domain-containing protein REM19	related to vernalization1 1	Encodes a nuclear-localized DNA-binding protein that interacts with ITN1 at the PM and nuclei in vivo and may regulate ITN's subcellular localization. Encodes a nuclear-localized DNA-binding protein that interacts with ITN1 at the PM and nuclei in vivo and may regulate ITN Primes subcellular localization.	B3 domain-containing protein REM19 | Protein RELATED TO VERNALIZATION 1 | Protein REPRODUCTIVE MERISTEM 19 — Involved in the regulation of vernalization. Binds to DNA in vitro in a non-sequence-specific manner. XLG2 promotes the DNA binding activity of RTV1 specifically to promoter regions of FT and SOC1 in vivo and thus leads to the activation of floral integrator genes.
AT1G49560	HHO6	G2-like (GARP)	9713	Transcription factor HHO6	Homeodomain-like superfamily protein	Homeodomain-like superfamily protein;(source:Araport11)	Transcription factor HHO6 | MYB-domain transcription factor HHO6 | Protein HRS1 HOMOLOG 6 — Probable transcription factor involved in phosphate signaling in roots.
AT1G50640	ERF3	AP2/ERF	2671	Ethylene-responsive transcription factor 3	ethylene responsive element binding factor 3	encodes a member of the ERF (ethylene response factor) subfamily B-1 of ERF/AP2 transcription factor family (ATERF-3). The protein contains one AP2 domain. There are 15 members in this subfamily including ATERF-3, ATERF-4, ATERF-7, and leafy petiole.	Ethylene-responsive transcription factor 3 | AtERF3 | Ethylene-responsive element-binding factor 3 | EREBP-3 — Acts as a transcriptional repressor. Binds to the GCC-box pathogenesis-related promoter element. Involved in the regulation of gene expression by stress factors and by components of stress signal transduction pathways and could also regulate other AtERFs.
AT1G51140	FBH3	bHLH	7995	Transcription factor bHLH122	basic helix-loop-helix (bHLH) DNA-binding superfamily protein	Encodes a basic helix-loop-helix-type transcription factor involved in photoperiodism flowering. Binds to the E-box cis-element in the CONSTANS (CO) promoter to regulate flowering. Interacts with CFL1 and along with CFLAP2 negatively regulates cuticle development.  Binds to the potassium channel gene KAT1 as a dimer. The DNA-binding capacity is inhibited in response to ABA through phosphorylation-dependent monomerization.	Transcription factor bHLH122 | Basic helix-loop-helix protein 122 | AtbHLH122 | bHLH 122
AT1G51220	WIP5	Zinc finger (other)	5129	Zinc finger protein WIP5	WIP domain protein 5	Encodes a WIP domain containing protein. Putative target of WRKY53.WIP5 is a paralog of NTT and along with WIP4,acts redundantly in cell fate determination during primary root development. MP binds to AuxRE motifs within the WIP5 gene and likely regulates its expression.	Zinc finger protein WIP5 | WIP-domain protein 5 | AtWIP5 — Probable transcriptional regulator.
AT1G51700	DOF1	Dof	9240	Dof zinc finger protein DOF1.7	DOF zinc finger protein 1	Encodes dof zinc finger protein (adof1).	Dof zinc finger protein DOF1.7 | AtDOF1.7 — Transcription factor that binds specifically to a 5'-AA[AG]G-3' consensus core sequence.
AT1G52150	ATHB-15	HD (homeobox)	5388	Homeobox-leucine zipper protein ATHB-15	Homeobox-leucine zipper family protein / lipid-binding START domain-containing protein	Member of the class III HD-ZIP protein family. Contains homeodomain and leucine zipper domain. Critical for vascular development and negatively regulates vascular cell differentiation.	Homeobox-leucine zipper protein ATHB-15 | HD-ZIP protein ATHB-15 | Homeodomain transcription factor ATHB-15 | Protein CORONA — Probable transcription factor involved in the regulation of meristem development to promote lateral organ formation. May regulates procambial and vascular tissue formation or maintenance, and vascular development in inflorescence stems.
AT1G52880	NAM	NAC	4760	NAC domain-containing protein 18	NAC (No Apical Meristem) domain transcriptional regulator superfamily protein	Transcription factor with a NAC domain.  Homologous to the petunia gene NAM which is required for the development of the shoot. Expressed in the embryo.	NAC domain-containing protein 18 | ANAC018 | Protein NAC-REGULATED SEED MORPHOLOGY 2 | Protein NO APICAL MERISTEM — May encode a transcription factor involved in the elaboration of shoot apical meristems (SAM) (Probable). Together with NAC056/NARS1, regulates embryogenesis by regulating the development and degeneration of ovule integuments, a process required for intertissue communication between the embryo and the maternal integument.
AT1G53170	ERF8	AP2/ERF	7604	Ethylene-responsive transcription factor 8	ethylene response factor 8	encodes a member of the ERF (ethylene response factor) subfamily B-1 of ERF/AP2 transcription factor family (ATERF-8). The protein contains one AP2 domain. There are 15 members in this subfamily including ATERF-3, ATERF-4, ATERF-7, and leafy petiole.	Ethylene-responsive transcription factor 8 | AtERF8 | Ethylene-responsive element-binding factor 8 | EREBP-8 — Involved in the regulation of gene expression by stress factors and by components of stress signal transduction pathways. Transcription factor that binds to the GCC-box pathogenesis-related promoter element. Acts as a transcriptional inhibitor and may regulate other AtERFs.
AT1G53230	TCP3	TCP	1293	Transcription factor TCP3	TEOSINTE BRANCHED 1, cycloidea and PCF transcription factor 3	Encodes a member of a recently identified plant transcription factor family that includes Teosinte branched 1, Cycloidea 1, and proliferating cell nuclear antigen (PCNA) factors, PCF1 and 2. Regulated by miR319. Involved in heterochronic regulation of leaf differentiation.  Elongates hypocotyl when miR319-resistant version is overexpressed.  Suppresses auxin response by activating IAA3/SHY2 and SAUR genes.	Transcription factor TCP3 — Plays a pivotal role in the control of morphogenesis of shoot organs by negatively regulating the expression of boundary-specific genes such as CUC genes, probably through the induction of miRNA (e.g. miR164). Participates in ovule development.
AT1G53910	RAP2.12	AP2/ERF	5399	Ethylene-responsive transcription factor RAP2-12	related to AP2 12	Encodes a member of the ERF (ethylene response factor) subfamily B-2 of ERF/AP2 transcription factor family (RAP2.12). The protein contains one AP2 domain. There are 5 members in this subfamily including RAP2.2 AND RAP2.12. Involved in oxygen sensing. It plays a key role in controlling root bending in response to hypoxia.	Ethylene-responsive transcription factor RAP2-12 | Protein RELATED TO APETALA2 12 — Transcription factor involved in the activation of hypoxic gene expression and in ethylene response. Partially redundant with RAP2-2. Acts as a downstream regulator in the ethylene signaling pathway.
AT1G54330	NAC020	NAC	6180	NAC domain containing protein 20	NAC domain containing protein 20	NAC domain containing protein 20;(source:Araport11)	NAC domain containing protein 20
AT1G55110	IDD7	C2H2	4200	Protein indeterminate-domain 7	indeterminate(ID)-domain 7	indeterminate(ID)-domain 7;(source:Araport11)	Protein indeterminate-domain 7 — Probable transcription factor.
AT1G59640	BPEp	bHLH	1651	Transcription factor BPE	BIG PETAL P	A basic helix-loop-helix encoding gene (BIGPETAL, BPE) involved in the control of petal size. BPE is expressed via two mRNAs derived from an alternative splicing event. The BPEub (AT1G59640.1)transcript is expressed ubiquitously, whereas the BPEp (AT1G59640.2) transcript is preferentially expressed in petals. Plants that lack the petal-expressed variant BPEp have larger petals as a result of increased cell size.  BPEp is positively regulated downstream of APETALA3, PISTILLATA, APETALA1 and PISTILLATA3 and is negatively regulated downstream of AGAMOUS.	Transcription factor BPE | Basic helix-loop-helix protein 31 | AtbHLH31 | bHLH 31 — Involved in the control of petal size, by interfering with postmitotic cell expansion to limit final petal cell size.
AT1G62300	WRKY6	WRKY	4646	WRKY transcription factor 6	WRKY family transcription factor	Encodes a transcription factor WRKY6.  Regulates Phosphate1 (Pho1) expression in response to low phosphate (Pi) stress. Together with WRKY28 and WRKY41 plays a role redundant to WRKY51 in the suppression of RPW8.1	WRKY transcription factor 6 | WRKY DNA-binding protein 6 | AtWRKY6 — Transcription factor involved in the control of processes related to senescence and pathogen defense. Interacts specifically with the W box (5'-(T)TGAC[CT]-3'), a frequently occurring elicitor-responsive cis-acting element. Activates the transcription of the SIRK gene and represses its own expression and that of the WRKY42 genes. Modulates phosphate homeostasis and Pi translocation by regulating PHO1 expression.
AT1G63030	ddf2	AP2/ERF	314	Dehydration-responsive element-binding protein 1E	Integrase-type DNA-binding superfamily protein	encodes a member of the DREB subfamily A-1 of ERF/AP2 transcription factor family (DDF2). The protein contains one AP2 domain. There are six members in this subfamily, including CBF1, CBF2, and CBF3. Overexpression of this gene results in the reduction of gibberellic acid biosynthesis. This gene is expressed in all tissues examined, but most abundantly expressed in rosette leaves and stems. Overexpression of DDF1, a putative paralog of this gene, also reduces gibberellic acid biosynthesis and makes the plants more tolerant to high-salinity levels.	Dehydration-responsive element-binding protein 1E | Protein DREB1E — Transcriptional activator that binds specifically to the DNA sequence 5'-[AG]CCGAC-3'. Binding to the C-repeat/DRE element mediates cold or dehydration-inducible transcription. CBF/DREB1 factors play a key role in freezing tolerance and cold acclimation.
AT1G64620	DOF1.8	Dof	15125	Dof zinc finger protein DOF1.8	Dof-type zinc finger DNA-binding family protein	Plant-specific Dof transcription factor which regulates vascular cell differentiation  and lignin biosynthesis.	Dof zinc finger protein DOF1.8 | AtDOF1.8 — Transcription factor that binds specifically to a 5'-AA[AG]G-3' consensus core sequence.
AT1G65910	NAC028	NAC	6318	NAC domain containing protein 28	NAC domain containing protein 28	NAC domain containing protein 28;(source:Araport11)	NAC domain containing protein 28
AT1G68200	C3H15	Zinc finger (other)	4363	Zinc finger CCCH domain-containing protein 15	Zinc finger C-x8-C-x5-C-x3-H type family protein	Zinc finger C-x8-C-x5-C-x3-H type family protein;(source:Araport11)	Zinc finger CCCH domain-containing protein 15 | AtC3H15 | Protein CALLOSE DEFECTIVE MICROSPORE 1 — Functions probably as a transcriptional factor that activates genes involved in secondary cell wall biosynthesis. Functions redundantly with C3H14 to regulate secondary cell wall formation. C3H14 and C3H15 have overlapping roles in the regulation of secondary cell wall formation and anther development. C3H14 may contribute more to secondary cell wall thickening while C3H15 could be more important in anther development. May regulate at both the transcriptional and post-transcriptional levels the expression of many genes involved in various biological processes, particularly those associated with cell wall metabolism and pollen development. Involved in the regulation of callose metabolism in male meiocytes, in integrity of newly formed microspores, and promotes male fertility. May be involved in the regulation of the callose synthesis genes CALS5 and CALS12, the potential degradation of callose walls-related genes A6 and MYB80, as well as other putative beta-1,3-glucanase genes. Negatively regulates cell elongation by inhibiting brassinosteroid (BR) signaling. Functions downstream of …
AT1G68320	MYB62	MYB	9924	Transcription factor MYB62	myb domain protein 62	putative transcription factor: R2R3-MYB transcription  family. Involved in regulation of phosphate starvation responses and gibberellic acid biosynthesis.	Transcription factor MYB62 | Myb-related protein 62 | AtMYB62 — Transcription repressor of phosphate (Pi) starvation-induced genes. Negatively regulates Pi starvation responses via the repression of gibberellic acid (GA) biosynthesis and signaling. Modulates root architecture, phosphatase activity, and Pi uptake and accumulation.
AT1G68550	CRF10	AP2/ERF	4691	Ethylene-responsive transcription factor ERF118	Integrase-type DNA-binding superfamily protein	encodes a member of the ERF (ethylene response factor) subfamily B-6 of ERF/AP2 transcription factor family. The protein contains one AP2 domain. There are 12 members in this subfamily including RAP2.11.	Ethylene-responsive transcription factor ERF118 — Probably acts as a transcriptional activator. Binds to the GCC-box pathogenesis-related promoter element. May be involved in the regulation of gene expression by stress factors and by components of stress signal transduction pathways.
AT1G68670	HHO2	G2-like (GARP)	7431	Transcription factor HHO2	myb-like transcription factor family protein	HHO2 is a HRS1 homolog. Nitrate-inducible expression. Also induced in roots by low Pi and is likely involved in maintaining phosphate homeostasis. It is  target of PHR1.Both HHO2 and HRS1 are involved in Ni cross regulation of Pi signaling. They function as transcriptional repressors of SPX1, SPX2, and SPX4 as part of a cascade to regulate nitrogen and phosphorus balance. Transcriptional repressors that functions with other NIGT genes as an important hub in the nutrient signaling network associated with the acquisition and use of nitrogen and phosphorus.	Transcription factor HHO2 | MYB-domain transcription factor HHO2 | Protein HRS1 HOMOLOG 2 — Probable transcription factor involved in phosphate homeostasis. Involved in the regulation of the developmental response of lateral roots, acquisition and/or mobilization of phosphate and expression of a subset of genes involved in phosphate sensing and signaling pathway. Is a target of the transcription factor PHR1.
AT1G69010	BIM2	bHLH	16234	Transcription factor BIM2	BES1-interacting Myc-like protein 2	Encodes BES1-INTERACTING MYC-LIKE 2 (BIM2), a PAR1 (PHYTOCHROME RAPIDLY REGULATED 1)-interacting protein that positively modulates the shade avoidance syndrome in Arabidopsis seedlings.	Transcription factor BIM2 | BES1-interacting Myc-like protein 2 | Basic helix-loop-helix protein 102 | AtbHLH102 — Positive brassinosteroid-signaling protein.
AT1G69180	CRC	YABBY	7396	Protein CRABS CLAW	Plant-specific transcription factor YABBY family protein	Putative transcription factor with zinc finger and helix-loop-helix domains, the later similar to HMG boxes. Involved in specifying abaxial cell fate in the carpel. Four putative LFY binding sites (CCANTG) and two potential binding sites for MADS box proteins known as CArG boxes (CC(A/T)6GG) were found in the region spanning 3.8 Kb upstream of the CRC coding region. CRC targets YABBY genes  such as YUC4 in gynoecium development.	Protein CRABS CLAW — Transcription factor required for the initiation of nectary development. Also involved in suppressing early radial growth of the gynoecium, in promoting its later elongation and in fusion of its carpels by regulating both cell division and expansion. Establishes the polar differentiation in the carpels by specifying abaxial cell fate in the ovary wall. Regulates both cell division and expansion.
AT1G69490	NAP	NAC	4202	NAC transcription factor 29	NAC-like, activated by AP3/PI	Encodes a member of the NAC transcription factor gene family.  It is expressed in floral primordia and upregulated by AP3 and PI.  Its expression is associated with leaf senescence.	NAC transcription factor 29 | AtNAC029 | Protein NAC-LIKE, ACTIVATED BY AP3/PI | AtNAP — Transcription activator that binds to, and transactivates the promoter of the abscisic aldehyde oxidase AAO3. Promotes chlorophyll degradation in leaves by enhancing transcription of AAO3, which leads to increased levels of the senescence-inducing hormone abscisic acid (ABA). Involved in the control of dehydration in senescing leaves. Binds to the DNA sequence 5'-CACGTAAGT-3' of SAG113 promoter. SAG113 acts as a negative regulator of ABA signaling for stomatal closure in leaves, and controls water loss during leaf senescence. Transcription factor of the NAC family involved in senescence. May function in the transition between active cell division and cell expansion. Required for normal seed development and morphology.
AT1G69570	CDF5	Dof	7235	Cyclic dof factor 5	Dof-type zinc finger DNA-binding family protein	CDF5 is a circadian regulated transcript that is antiphasic with respect to its natural antisense transcript (NAT) FLORE (AT1G69572).CDF5 transcript accumulation delays flowering. CDF5 links circadian oscillation and photoperiodism.	Cyclic dof factor 5 | Dof zinc finger protein DOF1.10 | AtDOF1.10 | H-protein promoter-binding factor 2b — Transcription factor that binds specifically to a 5'-AA[AG]G-3' consensus core sequence. Regulates a photoperiodic flowering response. Transcriptional repressor of 'CONSTANS' expression.
AT1G69690	TCP15	TCP	921	Transcription factor TCP15	TCP family transcription factor	AtTCP15 is involved in the regulation of endoreduplication. Modulates GA-dependent stamen filament elongation by direct activation of SAUR63 subfamily genes through conserved target sites in their  promoters. Promotes together with TCP8, 14 and 7 endoreduplication-dependent cell expansion in leaf.	Transcription factor TCP15 | AtTCP15 — Transcription factor involved the regulation of plant development. Together with TCP14, modulates plant stature by promoting cell division in young internodes. Represses cell proliferation in developing leaf blade and specific floral tissues. Together with TCP15, acts downstream of gibberellin (GA), and the stratification pathways that promote seed germination. Involved in the control of cell proliferation at the root apical meristem (RAM) by regulating the activity of CYCB1-1. Acts together with SPY to promote cytokinin responses that affect leaf shape and trichome development in flowers. Involved in gynoecium and silique development. Modulates the development of the different tissues of the gynoecium through its participation in auxin and cytokinin responses. Modulates the expression of the cytokinin-responsive genes ARR7 and ARR15. May repress the expression of the auxin biosynthetic genes YUC1 and YUC4. Acts as negative regulator of anthocyanin accumulation under high light conditions. Modulates the expression of transcription factors involved in the induction of anthocyanin biosynthesis genes. Transcription factor involved in the …
AT1G69780	ATHB13	HD (homeobox)	13486	Homeobox-leucine zipper protein ATHB-13	Homeobox-leucine zipper protein family	Encodes a homeodomain leucine zipper class I (HD-Zip I) protein which is expressed during the seed-to-seedling transition, regulates some of the network nodes, and affects late seedling establishment. Knock-out mutants for athb13 showed increased primary root length as compared with wild type (Col-0) seedlings, suggesting that this transcription factor is a negative regulator of early root growth, possibly repressing cell division and/or cell elongation or the length of time cells elongate.	Homeobox-leucine zipper protein ATHB-13 | HD-ZIP protein ATHB-13 | Homeodomain transcription factor ATHB-13 — Probable transcription factor that may act in the sucrose-signaling pathway.
AT1G70920	HB18	HD (homeobox)	3786	Homeobox-leucine zipper protein ATHB-X	homeobox-leucine zipper protein 18	homeobox-leucine zipper protein 18;(source:Araport11)	Homeobox-leucine zipper protein ATHB-X | HD-ZIP protein ATHB-X | Homeodomain transcription factor ATHB-X — Probable transcription factor.
AT1G71450	ERF021	AP2/ERF	9574	Ethylene-responsive transcription factor ERF021	Integrase-type DNA-binding superfamily protein	Encodes a member of the DREB subfamily A-4 of ERF/AP2 transcription factor family. The protein contains one AP2 domain. There are 17 members in this subfamily including TINY. FUF1 appears to negatively regulate certain ethylene responsive EDF genes thereby negatively regulating flower senescence.	Ethylene-responsive transcription factor ERF021 — Probably acts as a transcriptional activator. Binds to the GCC-box pathogenesis-related promoter element. May be involved in the regulation of gene expression by stress factors and by components of stress signal transduction pathways.
AT1G72010	TCP22	TCP	2427	Transcription factor TCP22	TCP family transcription factor	Modulates GA-dependent stamen filament elongation by direct activation of SAUR63 subfamily genes through conserved target sites in their promoters. Promotes together with TCP7, 8, 14, 15, 21, and 23 endoreduplication-dependent cell expansion in leaf.	Transcription factor TCP22
AT1G72740	TRB5	MYB-related	12911	Telomere repeat-binding factor 5	Homeodomain-like/winged-helix DNA-binding family protein	Single Myb Histone (SMH) gene family member and member of a distinct TRB clade. Contains terminal acidic SANT domain and central GH1 domain. Related to and functionally redundant with TRB4 which it interacts with physically and genetically.	Telomere repeat-binding factor 5 | MYB transcription factor — Binds preferentially double-stranded telomeric repeats.
AT1G74480	RKD2	RWP-RK	7686	Protein RKD2	RWP-RK domain-containing protein	RWP-RK domain-containing protein;(source:Araport11)	Protein RKD2 | AtRKD2 | RWP-RK domain-containing protein 2 — Putative transcription factor.
AT1G74650	MYB31	MYB	13683	Myb domain protein 31	myb domain protein 31	Member of the R2R3 factor gene family; wax regulator associated with reproductive development.	Myb domain protein 31
AT1G74840		MYB-related	7603	Homeodomain-like superfamily protein	Homeodomain-like superfamily protein	Homeodomain-like superfamily protein;(source:Araport11)	Homeodomain-like superfamily protein
AT1G75080	BZR1	BES1	960	Protein BRASSINAZOLE-RESISTANT 1	Brassinosteroid signalling positive regulator (BZR1) family protein	Encodes a positive regulator of the brassinosteroid (BR) signalling pathway that mediates both downstream BR responses and negative feedback regulation of BR biosynthesis. There is evidence for phosphorylation-dependent nucleocytoplasmic shuttling of BZR1. GSK3-like kinases (including BIN2), 14-3-3 proteins, and the phosphatase BSU1 seem to participate in this process. Phosphorylation also appears to affect BZR1's transcriptional activities.	Protein BRASSINAZOLE-RESISTANT 1 | Protein BIN2 SUBSTRATE 2 — Transcriptional repressor that binds to the brassinosteroid (BR) response element (BRRE) 5'-CGTG(T/C)G-3' in gene promoter. Regulates positively the brassinosteroid-signaling pathway. Mediates downstream growth responses and negative feedback regulation of brassinosteroid biosynthesis. Promotes growth. Modulates ovule initiation and development by monitoring the expression of genes related to ovule development (e.g. HLL, ANT, and AP2). Negatively regulates the abscisic acid (ABA) signaling pathway during the post-germination stage.
AT1G75240	HB33	ZF-HD	13403	Zinc-finger homeodomain protein 5	homeobox protein 33	Encodes a zinc finger-homeodomain transcription factor ZHD5.  Nuclear import and DNA binding of the ZHD5 transcription factor is modulated by a competitive peptide inhibitor MIF1 (AT1G74660).	Zinc-finger homeodomain protein 5 | AtZHD5 | Homeobox protein 33 | AtHB-33 — Putative transcription factor. Binds DNA at 5'-ATTA-3' consensus promoter regions. Regulates floral architecture and leaf development. Regulators in the abscisic acid (ABA) signal pathway that confers sensitivity to ABA in an ARF2-dependent manner.
AT1G75390	bZIP44	bZIP	2485	bZIP transcription factor 44	basic leucine-zipper 44	basic leucine-zipper 44;(source:Araport11)	bZIP transcription factor 44 | AtbZIP44 — Transcription factor that binds to the DNA G-box motif 5'-CACGTG-3' of MAN7 promoter. Involved in the positive regulation of seed germination through MAN7 gene activation. MAN7 is required for both, loosening of the micropylar endosperm, and rupture of the seed coat in germinating seeds.
AT1G76420	CUC3	NAC	5263	Protein CUP-SHAPED COTYLEDON 3	NAC (No Apical Meristem) domain transcriptional regulator superfamily protein	Identified in an enhancer trap line; member of the NAC family of proteins. Expressed at the boundary between the shoot meristem and lateral organs and the polar nuclei in the embryo sac. Together with CUC2-DA1-UBP15 part of a regulatory module which controls the initiation of axillary meristems, thereby determining plant architecture. Regulates axillary meristem initiation by directly  binding to the DA1 promoter.	Protein CUP-SHAPED COTYLEDON 3 | NAC domain-containing protein 31 | ANAC031 | NAC domain-containing protein CUC3 — Transcription activator. Involved in molecular mechanisms regulating shoot apical meristem (SAM) formation during embryogenesis and organ separation. Required for axillary meristem initiation and separation of the meristem from the main stem. May act as an inhibitor of cell division.
AT1G76880	DF1	Trihelix	472	Trihelix transcription factor DF1	Duplicated homeodomain-like superfamily protein	DF1 is a putative transcription factor required for the synthesis of seed mucilage polysaccharides. The df1 seeds produce almost 50% less mucilage than wild-type, but show less severe defects than the myb5 and ttg2 mutants.	Trihelix transcription factor DF1 — Transcription repressor that negatively regulates root hair growth by directly binding RSL4 promoter and repressing RSL4 expression. Required for the synthesis of seed coat mucilage.
AT1G76890	GT2	Trihelix	8416	Trihelix transcription factor GT-2	Duplicated homeodomain-like superfamily protein	encodes a plant trihelix DNA-binding protein	Trihelix transcription factor GT-2 | Trihelix DNA-binding protein GT-2 — Probable transcription factor that binds specific DNA sequence.
AT1G77200	ERF037	AP2/ERF	14558	Ethylene-responsive transcription factor ERF037	Integrase-type DNA-binding superfamily protein	encodes a member of the DREB subfamily A-4 of ERF/AP2 transcription factor family. The protein contains one AP2 domain. There are 17 members in this subfamily including TINY.	Ethylene-responsive transcription factor ERF037 — Probably acts as a transcriptional activator. Binds to the GCC-box pathogenesis-related promoter element. May be involved in the regulation of gene expression by stress factors and by components of stress signal transduction pathways.
AT1G77920	TGA7	bZIP	13618	Transcription factor TGA7	bZIP transcription factor family protein	TGA7 belongs to group D of the basic leucine zipper (bZIP) transcription factors. During systemic acquired resistance (SAR), TGA7 binds to the activation sequence-1 (as-1) in the promoter region of SAR related genes and regulates their expressions in an NPR1 dependent manner.	Transcription factor TGA7 | bZIP transcription factor 50 | AtbZIP50 — Transcriptional activator that binds specifically to the DNA sequence 5'-TGACG-3'. Recognizes ocs elements like the as-1 motif of the cauliflower mosaic virus 35S promoter. Binding to the as-1-like cis elements mediate auxin- and salicylic acid-inducible transcription. May be involved in the induction of the systemic acquired resistance (SAR) via its interaction with NPR1.
AT1G78700	BEH4	BES1	4366	BES1/BZR1 homolog protein 4	BES1/BZR1 homolog 4	BZR1/BES1 family protein.	BES1/BZR1 homolog protein 4
AT1G79180	MYB63	MYB	2353	Transcription factor MYB63	myb domain protein 63	Member of the R2R3 factor gene family.	Transcription factor MYB63 | Myb-related protein 63 | AtMYB63 — Transcriptional activator that binds DNA to the AC cis-elements 5'-ACCTACC-3', 5'-ACCAACC-3' and 5'-ACCTAAC-3' of promoters and specifically activates lignin biosynthetic genes during secondary wall formation mediated by SND1.
AT1G79580	SMB	NAC	15995	Protein SOMBRERO	NAC (No Apical Meristem) domain transcriptional regulator superfamily protein	NAC-domain protein. Involved in root cap development. Involved in a regulatory feedback loop with FEZ. FEZ activates SMB in hte root cap daughter cells soon after division, and SMB in turn represses FEZ expression in these cells, thereby preventing further stem cell divisions.	Protein SOMBRERO | NAC domain-containing protein 33 | ANAC033 — Transcription regulator. Together with BRN1 and BRN2, regulates cellular maturation of root cap. Represses stem cell-like divisions in the root cap daughter cells, and thus promotes daughter cell fate. Inhibits expression of its positive regulator FEZ in a feedback loop for controlled switches in cell division plane. Promotes the expression of genes involved in secondary cell walls (SCW) biosynthesis.
AT1G80840	WRKY40	WRKY	6131	Probable WRKY transcription factor 40	WRKY DNA-binding protein 40	Pathogen-induced transcription factor. Binds W-box sequences  in vitro. Forms protein complexes with itself and with WRKY40 and WRKY60. Coexpression with WRKY18 or WRKY60 made plants more susceptible to both P. syringae and B. cinerea. WRKY18, WRKY40, and WRKY60 have partially redundant roles in response to the hemibiotrophic bacterial pathogen Pseudomonas syringae and the necrotrophic fungal pathogen Botrytis cinerea, with WRKY18 playing a more important role than the other two.	Probable WRKY transcription factor 40 | WRKY DNA-binding protein 40 — Transcription factor. Interacts specifically with the W box (5'-(T)TGAC[CT]-3'), a frequently occurring elicitor-responsive cis-acting element.
AT2G01060	PHL7	G2-like (GARP)	11695	Myb family transcription factor PHL7	myb-like HTH transcriptional regulator family protein	MYB-like TF; part of gene regulatory network involved in negative regulation of root hair growth.	Myb family transcription factor PHL7 | Protein PHR1-LIKE 7
AT2G01930	BPC1	BBR-BPC	11999	Protein BASIC PENTACYSTEINE1	basic pentacysteine1	BASIC PENTACYSTEINE1 (BPC1) is a regulator of the homeotic Arabidopsis thaliana gene SEEDSTICK (STK), which controls ovule identity. BPC1 induces conformational changes by cooperative binding to purine-rich elements present in the STK regulatory sequence. STK is upregulated in bpc1 mutant.Along with BPC2, BPC1 binds to the promoter of and represses GALS1 thereby reducing beta 1,4- galactan accumulation.	Protein BASIC PENTACYSTEINE1 | AtBPC1 — Transcriptional regulator that specifically binds to GA-rich elements (GAGA-repeats) present in regulatory sequences of genes involved in developmental processes. Negatively regulates the homeotic gene AGL11/STK, which controls ovule primordium identity, by a cooperative binding to purine-rich elements present in the regulatory sequence leading to DNA conformational changes.
AT2G01940	SGR5	C2H2	12170	Zinc finger protein SHOOT GRAVITROPISM 5	C2H2-like zinc finger protein	Encodes a transcription factor that, together with IDD14 and IDD16, regulates auxin biosynthesis and transport and thus aerial organ morphogenesis and gravitropic responses. May be involved in an early event in shoot gravitropism such as gravity perception and/or a signaling process subsequent to amyloplast sedimentation as a putative transcription factor in gravity-perceptive cells.	Zinc finger protein SHOOT GRAVITROPISM 5 | Protein indeterminate-domain 15 | AtIDD15 — Transcription factor involved in inflorescence stems gravitropism, probably by regulating starch accumulation in amyloplasts of graviperceptive cells. Required for stem circumnutation movements. Regulates lateral organ morphogenesis and gravitropic responses. Acts cooperatively with IDD16 to control silique and branche orientation. Involved in the establishment of auxin gradients through the regulation of auxin biosynthesis and transport.
AT2G02070	IDD5	C2H2	7490	Protein indeterminate-domain 5, chloroplastic	indeterminate(ID)-domain 5	RAVEN is part of the network regulated by BLJUEJAY, JACKDAW, SACRECROW and SHORT-ROOT to regulate root tissue patterning through cell lineage specification and asymmetric cell division. RAVEN is directly activated by SHORT-ROOT and directly repressed by JACKDAW.	Protein indeterminate-domain 5, chloroplastic | ID1-like zinc finger protein 2 — Transcription factor acting as a positive regulator of the starch synthase SS4. Controls chloroplast development and starch granule formation. Binds DNA via its zinc fingers. Recognizes and binds to SCL3 promoter sequence 5'-AGACAA-3' to promote its expression when in complex with RGA.
AT2G02080	IDD4	C2H2	9357	Protein indeterminate-domain 4, chloroplastic	indeterminate(ID)-domain 4	C2H2 BIRD transcription factor family; its phosphorylation is induced under salinity stress by MPK6, regulating plant growth adaptation.	Protein indeterminate-domain 4, chloroplastic — Transcription factor that may act a transcriptional activator of nuclear-encoded photosynthetic gene expression (Probable). Binds DNA via its zinc fingers. Recognizes and binds to SCL3 promoter sequence 5'-AGACAA-3' to promote its expression when in complex with RGA.
AT2G02450	LOV1	NAC	5156	NAC domain-containing protein 35	NAC domain containing protein 35	NAC domain containing protein 35;(source:Araport11)	NAC domain-containing protein 35 | ANAC035 | Protein LONG VEGETATIVE PHASE 1 | AtLOV1 — Transcription factor that acts as a floral repressor. Controls flowering time by negatively regulating CONSTANS (CO) expression in a GIGANTEA (GI)-independent manner. Regulates the plant cold response by positive regulation of the cold response genes COR15A and KIN1. May coordinate cold response and flowering time.
AT2G02820	MYB88	MYB	9266	Transcription factor MYB88	myb domain protein 88	Encodes a putative transcription factor (MYB88), involved in stomata development, double loss of MYB88 and FLP (MYB124) activity results in a failure of guard mother cells (GMCs) to adopt the guard cell fate, thus they continue to divide resulting in abnormal stomata consisting of clusters of numerous guard cell-like cells.  This phenotype is enhanced in double mutants over the single mutant flp phenotype. Also regulates female reproductive development.	Transcription factor MYB88 | Myb-related protein 88 | AtMYB88 — Transcription factor that binds to DNA in promoters cis-regulatory element 5'-GGCGCGC-3' of cell cycle genes, including cyclins, cyclin-dependent kinases (CDKs), and components of the pre-replication complex. Binds to DNA in promoters cis-regulatory element 5'-AGCCG-3' of auxin regulated genes (e.g. PIN3 and PIN7). Together with FAMA and MYB124, ensures that stomata contain just two guard cells (GCs) by enforcing a single symmetric precursor cell division before stomatal maturity. Represses the expression of the mitosis-inducing factors CDKB1-1 and CDKA-1, specifically required for the last guard mother cells (GMC) symmetric divisions in the stomatal pathway. Represses CYCA2-3 in newly formed guard cells. Together with MYB88, regulates stomata spacing by restricting divisions late in the stomatal cell lineage thus limiting the number of GMC divisions. In collaboration with CDKB1-1 and CDKB1-2, restrict the G1/S transition and chloroplast and nuclear number during stomatal formation, and normally maintain fate and developmental progression throughout the stomatal cell lineage. Involved in sensing and/or transducing …
AT2G03340	WRKY3	WRKY	1216	Probable WRKY transcription factor 3	WRKY DNA-binding protein 3	Encodes WRKY DNA-binding protein 3 (WRKY3).	Probable WRKY transcription factor 3 | WRKY DNA-binding protein 3 — Transcription factor. Interacts specifically with the W box (5'-(T)TGAC[CT]-3'), a frequently occurring elicitor-responsive cis-acting element.
AT2G03500	EFM	G2-like (GARP)	9700	Myb family transcription factor EFM	Homeodomain-like superfamily protein	Encodes a nuclear localized member of the MYB family of transcriptional regulators that is involved in negative regulation of flowering.  It is expressed in vascular tissues and at low levels in the shoot apex during the transition to flowering. Loss of function mutations are early flowering.EFM is involved in the autonomous, thermosensory and GA pathways and expression is directly regulated by SVP. EFM interacts with JMJD5 to repress FT expression.	Myb family transcription factor EFM | MYB-domain transcription factor HHO4 | Protein EARLY FLOWERING MYB | Protein HRS1 HOMOLOG 4 — Transcription factor acting as a flowering repressor, directly repressing FT expression in a dosage-dependent manner in the leaf vasculature.
AT2G04038	bZIP48	bZIP	3512	Basic leucine-zipper 48	basic leucine-zipper 48	basic leucine-zipper 48;(source:Araport11)	Basic leucine-zipper 48
AT2G06200	GRF6	GRF	5295	Growth-regulating factor 6	growth-regulating factor 6	Growth regulating factor encoding transcription activator. One of the nine members of a GRF gene family, containing nuclear targeting domain. Involved in leaf development and expressed in root, shoot and flower	Growth-regulating factor 6 | AtGRF6 | Transcription activator GRF6 — Transcription activator that plays a role in the regulation of cell expansion in leaf and cotyledons tissues.
AT2G15740	GAL1	C2H2	2781	C2H2-like zinc finger protein	C2H2-like zinc finger protein	Member of a small family of zinc finger containing putative transcription factors.Similar to GAZ.	C2H2-like zinc finger protein
AT2G18060	VND1	NAC	5730	NAC domain-containing protein 37	vascular related NAC-domain protein 1	Encodes a NAC-domain transcription factor that is expressed in developing vessels and protoxylem. Along with other members of this family, VND1 appears to regulate the development of genes required for secondary cell wall biosynthesis.	NAC domain-containing protein 37 | ANAC037 | Protein VASCULAR RELATED NAC-DOMAIN 1 — Transcription activator that binds to the secondary wall NAC binding element (SNBE), 5'-(T/A)NN(C/T)(T/C/G)TNNNNNNNA(A/C)GN(A/C/T)(A/T)-3', in the promoter of target genes. Involved in xylem formation by promoting the expression of secondary wall-associated transcription factors and of genes involved in secondary wall biosynthesis and programmed cell death, genes driven by the secondary wall NAC binding element (SNBE). Triggers thickening of secondary walls.
AT2G18160	bZIP2	bZIP	3807	bZIP transcription factor 2	basic leucine-zipper 2	Encodes a b-ZIP transcription factor.	bZIP transcription factor 2 | AtbZIP2 | G-box-binding factor 5 | Protein FLORAL TRANSITION AT THE MERISTEM 3 — Transcription factor that binds to specific DNA sequences in target gene promoters. BZIP2-BZIP63-KIN10 complex binds to the ETFQO promoter to up-regulate its transcription.
AT2G18350	HB24	HD (homeobox)	10423	Zinc-finger homeodomain protein 6	homeobox protein 24	homeobox protein 24;(source:Araport11)	Zinc-finger homeodomain protein 6 | AtZHD6 | Homeobox protein 24 | AtHB-24 — Putative transcription factor.
AT2G18380	GATA20	GATA	12550	GATA transcription factor 20	GATA transcription factor 20	Encodes a member of the GATA factor family of zinc finger transcription factors.	GATA transcription factor 20 | Protein HAN-LIKE 1 — Transcriptional regulator that specifically binds 5'-GATA-3' or 5'-GAT-3' motifs within gene promoters.
AT2G18550	HB21	HD (homeobox)	10741	Homeobox-leucine zipper protein ATHB-21	homeobox protein 21	Encodes a homeodomain leucine zipper class I (HD-Zip I) protein. Directly represses the expression of genes crucial for  pollen formation and anther dehiscence, including CalS5, RPG1/SWEET8,  CYP703A2 and NST2.	Homeobox-leucine zipper protein ATHB-21 | HD-ZIP protein ATHB-21 | Homeodomain transcription factor ATHB-21 — Probable transcription factor.
AT2G20110	TCX6	CPP	13568	Protein tesmin/TSO1-like CXC 6	Tesmin/TSO1-like CXC domain-containing protein	Tesmin/TSO1-like CXC domain-containing protein which is a transcriptional repressor of genes required for maintenance of DNA methylation, including MET1, CMT3, DDM1, KYP and VIMs. Functions redundantly with its paralogue TCX5 in repressing the expression of these genes.	Protein tesmin/TSO1-like CXC 6 | AtTCX6 — Plays a role in development of both male and female reproductive tissues.
AT2G20400	PHL4	G2-like (GARP)	5286	Myb family transcription factor PHL4	myb-like HTH transcriptional regulator family protein	MYB-CC transcription factor. PHL4 is related to PHR1 (which regulates plant Pi starvation response) but it does not seem to have a significant role in Pi starvation.	Myb family transcription factor PHL4 | Protein PHR1-LIKE 4 — Transcription factor involved in male gametophyte development.
AT2G22430	HB6	HD (homeobox)	7960	Homeobox-leucine zipper protein ATHB-6	homeobox protein 6	Encodes a homeodomain leucine zipper class I (HD-Zip I) protein that is a target of the protein phosphatase ABI1 and regulates hormone responses in Arabidopsis.	Homeobox-leucine zipper protein ATHB-6 | HD-ZIP protein ATHB-6 | Homeodomain transcription factor ATHB-6 — Transcription activator that may act as growth regulators in response to water deficit. Interacts with the core sequence 5'-CAATTATTA-3' of promoters in response to ABA and in an ABI1-dependent manner. Involved in the negative regulation of the ABA signaling pathway.
AT2G22540	SVP	MADS	12117	MADS-box protein SVP	K-box region and MADS-box transcription factor family protein	Encodes a nuclear protein that acts as a floral repressor and that functions within the thermosensory pathway.  SVP represses FT expression via direct binding to the vCArG III motif in the FT promoter.	MADS-box protein SVP | Protein SHORT VEGETATIVE PHASE — Transcription repressor that inhibit floral transition in the autonomous flowering pathway, independent of photoperiod and temperature. Acts in a dosage-dependent manner. Together with AGL24 and AP1, controls the identity of the floral meristem and regulates expression of class B, C and E genes. Promotes EFM expression to suppress flowering.
AT2G23290	MYB70	MYB	8427	Myb domain protein 70	myb domain protein 70	Member of the R2R3 factor gene family. Modulates seed germination and root  system development.	Myb domain protein 70
AT2G23320	WRKY15	WRKY	14915	Probable WRKY transcription factor 15	WRKY DNA-binding protein 15	Encodes WRKY DNA-binding protein 15 (WRKY15).	Probable WRKY transcription factor 15 | WRKY DNA-binding protein 15 — Transcription factor. Interacts specifically with the W box (5'-(T)TGAC[CT]-3'), a frequently occurring elicitor-responsive cis-acting element.
AT2G23340	DEAR3	AP2/ERF	8044	Ethylene-responsive transcription factor ERF008	DREB and EAR motif protein 3	encodes a member of the DREB subfamily A-5 of ERF/AP2 transcription factor family. The protein contains one AP2 domain. There are 16 members in this subfamily including RAP2.1, RAP2.9 and RAP2.10.	Ethylene-responsive transcription factor ERF008 — Probably acts as a transcriptional activator. Binds to the GCC-box pathogenesis-related promoter element. May be involved in the regulation of gene expression by stress factors and by components of stress signal transduction pathways.
AT2G24430	NAC038	NAC	5259	NAC domain containing protein 38	NAC domain containing protein 38	Increased triacylglycerols (TAGs) after being transiently expressed in Nicotiana benthamiana. Activated by LEC2.	NAC domain containing protein 38
AT2G26960	MYB81	MYB	2864	Myb domain protein 81	myb domain protein 81	Member of the R2R3 factor gene family.Expressed in microspores and required for progression into pollen mitosis I.	Myb domain protein 81
AT2G27300	NTL8	NAC	4907	NAC domain-containing protein 40	NTM1-like 8	NTL8 is a membrane-associated NAC transcription factor that binds both TRY and TCL1. Overexpression results in fewer trichomes.	NAC domain-containing protein 40 | ANAC040 | Protein NTM1-like 8 — Transcriptional activator activated by proteolytic cleavage through regulated intramembrane proteolysis (RIP), probably via metalloprotease activity. Regulates gibberellic acid-mediated salt-responsive repression of seed germination and flowering via FT, thus delaying seed germination under high salinity conditions.
AT2G28810	DOF2.2	Dof	17774	Dof zinc finger protein DOF2.2	Dof-type zinc finger DNA-binding family protein	Dof-type zinc finger DNA-binding family protein;(source:Araport11)	Dof zinc finger protein DOF2.2 | AtDOF2.2 — Transcription factor that binds specifically to a 5'-AA[AG]G-3' consensus core sequence.
AT2G30250	WRKY25	WRKY	11329	Probable WRKY transcription factor 25	WRKY DNA-binding protein 25	member of WRKY Transcription Factor; Group I. Located in nucleus. Involved in response to various abiotic stresses - especially salt stress.	Probable WRKY transcription factor 25 | WRKY DNA-binding protein 25 — Transcription factor. Interacts specifically with the W box (5'-(T)TGAC[CT]-3'), a frequently occurring elicitor-responsive cis-acting element. Functions with WRKY33 as positive regulator of salt stress response and abscisic acid (ABA) signaling. Plays a partial role in heat stress tolerance. Functions with WRKY26 and WRKY33 as positive regulator of plant thermotolerance by partially participating in ethylene-response signal transduction pathway.
AT2G30340	LBD13	LBD	3210	LOB domain-containing protein 13	LOB domain-containing protein 13	Lateral Organ Boundaries domain protein. LOB13 promotes lateral root formation. No significant transcriptional activation or repression activity was detected by the transient dual-luciferase assay (10.1111/tpj.16273).	LOB domain-containing protein 13 | ASYMMETRIC LEAVES 2-like protein 10 | AS2-like protein 10
AT2G30590	WRKY21	WRKY	1370	Probable WRKY transcription factor 21	WRKY DNA-binding protein 21	Encodes WRKY DNA-binding protein 21 (WRKY21).	Probable WRKY transcription factor 21 | WRKY DNA-binding protein 21 — Transcription factor. Interacts specifically with the W box (5'-(T)TGAC[CT]-3'), a frequently occurring elicitor-responsive cis-acting element.
AT2G31220	BHLH10	bHLH	6890	Transcription factor bHLH10	basic helix-loop-helix (bHLH) DNA-binding superfamily protein	Encodes a bHLH transcription factor that together with bHLH089 and bHLH091 is important for the normal transcriptome of the developing Arabidopsis anther, possibly by forming a feed-forward loop with DYT1.	Transcription factor bHLH10 | Basic helix-loop-helix protein 10 | AtbHLH10 | bHLH 10
AT2G31230	ERF15	AP2/ERF	11987	Ethylene-responsive transcription factor 15	ethylene-responsive element binding factor 15	encodes a member of the ERF (ethylene response factor) subfamily B-3 of ERF/AP2 transcription factor family. The protein contains one AP2 domain. There are 18 members in this subfamily including ATERF-1, ATERF-2, AND ATERF-5.	Ethylene-responsive transcription factor 15 | AtERF15 | Ethylene-responsive element-binding factor 15 | EREBP-15 — May act as a transcriptional activator. Binds to the GCC-box pathogenesis-related promoter element. Involved in the regulation of gene expression by stress factors and by components of stress signal transduction pathways.
AT2G32460	MYB101	MYB	8202	Transcription factor MYB101	myb domain protein 101	Member of the R2R3 factor gene family. ABA pathway regulator which may be regulated by DNA demethylation and the recruitment of transcription factors ERF57, ERF105, ERF48, and ERF111, which may contribute to the growth arrest induced by abscisic acid (ABA).	Transcription factor MYB101 | Myb-related protein 101 | AtM1 | AtMYB101 — Transcription activator. Binds to 5'-CAACTGTC-3' and/or 5'-TAACAAA-3' motif in target gene promoter (e.g. alpha-amylase) to promote their expression. Positive regulator of abscisic acid (ABA) responses leading to growth arrest during seed germination. Promotes the expression of aleurone-related genes (e.g. CP1, CP, GASA1, BXL1 and BXL2) in seeds. Together with MYB33 and MYB65, promotes the programmed cell death (PCD) leading to vacuolation of protein storage vacuoles (PSVs) in the aleurone layers during seed germination. Maybe involved in the regulation of leaves lamina morphogenesis. Involved in pollen grain development. Together with MYB97 and MYB120, functions as a male factor that controls pollen tube-synergid interaction in fertilization. Required for pollen tube growth arrest and sperm cell release in the female gametophyte, probably via the regulation of pollen tube-specific gene expression.
AT2G33550	ASR3	Trihelix	7131	Trihelix transcription factor ASR3	Homeodomain-like superfamily protein	Transcription factor which together with AITF1 regulates plant defense and autoimmunity.	Trihelix transcription factor ASR3 | Protein ARABIDOPSIS SH4-RELATED3 — Transcriptional repressor that binds DNA and plays a negative role in regulating microbe-associated molecular patterns-(MAMPs, e.g. flg22, elf18, chitin, and LPS) triggered immunity (PTI) by negatively regulating immune gene expression.
AT2G33710	ERF112	AP2/ERF	10138	Ethylene-responsive transcription factor ERF112	Integrase-type DNA-binding superfamily protein	encodes a member of the ERF (ethylene response factor) subfamily B-4 of ERF/AP2 transcription factor family. The protein contains one AP2 domain. There are 7 members in this subfamily.	Ethylene-responsive transcription factor ERF112 — Probably acts as a transcriptional activator. Binds to the GCC-box pathogenesis-related promoter element. May be involved in the regulation of gene expression by stress factors and by components of stress signal transduction pathways.
AT2G35530	bZIP16	bZIP	5609	bZIP transcription factor 16	basic region/leucine zipper transcription factor 16	Encodes a G group bZIP transcription factor family member that can bind cis elements with an ACGT core, such as G-box, Hex, C-box and As-1.  The protein is localized in the nucleus and can homodimerize and can heterodimerize with other G group members.	bZIP transcription factor 16 | AtbZIP16 — Transcriptional activator that binds to the G-box motif (5'-CACGTG-3') and other cis-acting elements with 5'-ACGT-3' core, such as Hex, C-box and as-1 motifs. Possesses high binding affinity to G-box, much lower affinity to Hex and C-box, and little affinity to as-1 element. G-box and G-box-like motifs are cis-acting elements defined in promoters of certain plant genes which are regulated by such diverse stimuli as light-induction or hormone control (Probable). Binds to the G-box motif 5'-CACGTG-3' of LHCB2.4 (At3g27690) promoter. May act as transcriptional repressor in light-regulated expression of LHCB2.4. Binds DNA as monomer. DNA-binding activity is redox-dependent.
AT2G35700	ERF38	AP2/ERF	4367	Ethylene-responsive transcription factor ERF038	ERF family protein 38	encodes a member of the DREB subfamily A-4 of ERF/AP2 transcription factor family. The protein contains one AP2 domain. There are 17 members in this subfamily including TINY. Thought to be involved in secondary cell wall metabolism.	Ethylene-responsive transcription factor ERF038 — Probably acts as a transcriptional activator. Binds to the GCC-box pathogenesis-related promoter element. May be involved in the regulation of gene expression by stress factors and by components of stress signal transduction pathways.
AT2G36010	E2F3	E2F/DP	4911	Transcription factor E2FA	E2F transcription factor 3	Member of the E2F transcription factors, (cell cycle genes), key components of the cyclin D/retinoblastoma/E2F pathway.	Transcription factor E2FA | E2F transcription factor-3 | AtE2F3 — Transcription activator that binds DNA cooperatively with DP proteins through the E2 recognition site, 5'-TTTC[CG]CGC-3' found in the promoter region of a number of genes whose products are involved in cell cycle regulation or in DNA replication. The binding of retinoblastoma-related proteins represses transactivation. Regulates gene expression both positively and negatively. Activates the expression of E2FB. Involved in the control of cell-cycle progression from G1 to S phase. Stimulates cell proliferation and delays differentiation.
AT2G36270	ABI5	bZIP	4496	Protein ABSCISIC ACID-INSENSITIVE 5	Basic-leucine zipper (bZIP) transcription factor family protein	Encodes a member of the basic leucine zipper transcription factor family, involved in ABA signalling during seed maturation and germination. The Arabidopsis abscisic acid (ABA)-insensitive abi5 mutants have pleiotropic defects in ABA response, including decreased sensitivity to ABA inhibition of germination and altered expression of some ABA-regulated genes. Comparison of seed and ABA-inducible vegetative gene expression in wild-type and abi5-1 plants indicates that ABI5 regulates a subset of late embryogenesis-abundant genes during both developmental stages. Responsible for reducing cadmium uptake, mediated by interaction with MYB49 .	Protein ABSCISIC ACID-INSENSITIVE 5 | Dc3 promoter-binding factor 1 | AtDPBF1 | Protein GROWTH-INSENSITIVITY TO ABA 1 — Participates in ABA-regulated gene expression during seed development and subsequent vegetative stage by acting as the major mediator of ABA repression of growth. Binds to the embryo specification element and the ABA-responsive element (ABRE) of the Dc3 gene promoter and to the ABRE of the Em1 and Em6 genes promoters. Can also trans-activate its own promoter, suggesting that it is autoregulated. Plays a role in sugar-mediated senescence. Binds to the promoters of CARK1 and CARK3 to trigger their expression in response to ABA.
AT2G37590	DOF2.4	Dof	13445	Dof zinc finger protein DOF2.4	DNA binding with one finger 2.4	PEAR protein involved in the formation of a short-range concentration gradient that peaks at protophloem sieve elements, and activates gene expression that promotes radial growth. Locally promotes transcription of inhibitory HD-ZIP III genes, and thereby establishes a negative-feedback loop that forms a robust boundary that demarks the zone of cell division.	Dof zinc finger protein DOF2.4 | AtDOF2.4 | Protein PHLOEM EARLY DOF 1 — Transcription factor that binds specifically to a 5'-AA[AG]G-3' consensus core sequence. Probably involved in early processes for vascular development. The PEAR proteins (e.g. DOF2.4, DOF5.1, DOF3.2, DOF1.1, DOF5.6 and DOF5.3) activate gene expression that promotes radial growth of protophloem sieve elements. Triggers the transcription of HD-ZIP III genes, especially in the central domain of vascular tissue.
AT2G38340	DREB19	AP2/ERF	9163	Dehydration-responsive element-binding protein 2E	Integrase-type DNA-binding superfamily protein	encodes a member of the DREB subfamily A-2 of ERF/AP2 transcription factor family. The protein contains one AP2 domain. There are eight members in this subfamily including DREB2A AND DREB2B that are involved in response to drought.	Dehydration-responsive element-binding protein 2E | Protein DREB2E | Dehydration response element-binding protein 19 — Transcriptional activator that binds specifically to the DNA sequence 5'-[AG]CCGAC-3'. Binding to the C-repeat/DRE element mediates abscisic acid-inducible transcription. Involved in the regulation of plant development and tolerance to abiotic stresses.
AT2G38470	WRKY33	WRKY	4471	Probable WRKY transcription factor 33	WRKY DNA-binding protein 33	Member of the plant WRKY transcription factor family.  Regulates the antagonistic relationship between defense pathways mediating responses to P. syringae and necrotrophic fungal pathogens.  Located in nucleus. Involved in response to various abiotic stresses - especially salt stress. Regulates cytochrome P450 gene CYP94B1 to control apoplastic barrier formation in roots to confer salt tolerance.	Probable WRKY transcription factor 33 | WRKY DNA-binding protein 33 — Transcription factor. Interacts specifically with the W box (5'-TTGAC[CT]-3'), a frequently occurring elicitor-responsive cis-acting element. Involved in defense responses. Required for resistance to the necrotrophic fungal pathogen B.cinerea. Regulates the antagonistic relationship between defense pathways mediating responses to the bacterial pathogen P. syringae and the necrotrophic pathogen B.cinerea. Required for the phytoalexin camalexin synthesis following infection with B.cinerea. Acts as a positive regulator of the camalexin biosynthetic genes PAD3 (CYP71B15) and CYP71A13 by binding to their promoters. Acts downstream of MPK3 and MPK6 in reprogramming the expression of camalexin biosynthetic genes, which drives the metabolic flow to camalexin production. Functions with WRKY25 as positive regulator of salt stress response and abscisic acid (ABA) signaling. Functions with WRKY25 and WRKY26 as positive regulator of plant thermotolerance by partially participating in ethylene-response signal transduction pathway. The DNA-binding activity of WRKY33 is increased by SIB1 and SIB2.
AT2G40260	MYS2	MYB-related	11638	Homeodomain-like superfamily protein	Homeodomain-like superfamily protein	Transcription factor involved in wax biosynthesis; together with MYS1 acts upstream of the DEWAX-SPL9 module, thus regulating CER1 expression; regulates the diurnal expression pattern of DEWAX.	Homeodomain-like superfamily protein
AT2G40620	BZIP18	bZIP	8196	bZIP transcription factor 18	Basic-leucine zipper (bZIP) transcription factor family protein	Basic leucine zipper transcription factor. Localizes from cytoplasm to the nucleus under heat stress.	bZIP transcription factor 18 | AtbZIP18 | bZIP protein 18 — Transcription factor that may participate with bZIP34 in the gametophytic control of pollen development.
AT2G40740	WRKY55	WRKY	7217	WRKY transcription factor 55	WRKY DNA-binding protein 55	member of WRKY Transcription Factor; Group III	WRKY transcription factor 55 | WRKY DNA-binding protein 55 — Transcription factor. Interacts specifically with the W box (5'-(T)TGAC[CT]-3'), a frequently occurring elicitor-responsive cis-acting element.
AT2G41690	HSFB3	HSF	1104	Heat stress transcription factor B-3	heat shock transcription factor B3	member of Heat Stress Transcription Factor (Hsf) family	Heat stress transcription factor B-3 | AtHsfB3 | AtHsf-05 — Transcriptional regulator that specifically binds DNA sequence 5'-AGAAnnTTCT-3' known as heat shock promoter elements (HSE).
AT2G42200	SPL9	SBP	16031	Squamosa promoter-binding-like protein 9	squamosa promoter binding protein-like 9	Encodes a putative transcriptional regulator that is involved in the vegetative to reproductive phase transition. Expression is regulated by MIR156b. SPL  activity nonautonomously inhibits initiation of new leaves at the shoot apical meristem. Overexpression of SPL9 (rSPL9) promoted the expression of C-REPEAT BINDING FACTOR 2 (CBF2) and hereafter enhanced the freezing tolerance.	Squamosa promoter-binding-like protein 9 — Trans-acting factor that binds specifically to the consensus nucleotide sequence 5'-TNCGTACAA-3'.
AT2G42430	LBD16	LBD	4846	LOB domain-containing protein 16	lateral organ boundaries-domain 16	LOB-domain protein gene LBD16. This gene contains one auxin-responsive element (AuxRE). Regluates lateral root formation.	LOB domain-containing protein 16 | ASYMMETRIC LEAVES 2-like protein 18 | AS2-like protein 18 — Transcriptional activator. Involved in lateral root formation. Regulated by the transcriptional activators ARF7 and ARF19. Functions in the initiation and emergence of lateral roots, in conjunction with LBD18, downstream of ARF7 and ARF19. Acts downstream of the auxin influx carriers AUX1 and LAX1 in the regulation of lateral root initiation and development.
AT2G43000	NAC042	NAC	4985	Transcription factor JUNGBRUNNEN 1	NAC domain containing protein 42	Encodes a NAC transcription factor induced by hydrogen peroxide (H2O2). Involved in senescence. Over expression of the gene  strongly delays senescence and enhances tolerance to various abiotic stresses.	Transcription factor JUNGBRUNNEN 1 | NAC domain-containing protein 42 | ANAC042 — Transcription factor that binds to the 5'- RRYGCCGT-3' consensus core sequence. Central longevity regulator. Negative regulator of leaf senescence. Modulates cellular H(2)O(2) levels and enhances tolerance to various abiotic stresses through the regulation of DREB2A.
AT2G44840	ERF13	AP2/ERF	7829	Ethylene-responsive transcription factor 13	ethylene-responsive element binding factor 13	encodes a member of the ERF (ethylene response factor) subfamily B-3 of ERF/AP2 transcription factor family. The protein contains one AP2 domain. There are 18 members in this subfamily including ATERF-1, ATERF-2, AND ATERF-5.	Ethylene-responsive transcription factor 13 | AtERF13 | Ethylene-responsive element-binding factor 13 | EREBP-13 — Acts as a transcriptional activator. Binds to the GCC-box pathogenesis-related promoter element. Involved in the regulation of gene expression by stress factors and by components of stress signal transduction pathways.
AT2G44940	ERF034	AP2/ERF	4550	Ethylene-responsive transcription factor ERF034	Integrase-type DNA-binding superfamily protein	encodes a member of the DREB subfamily A-4 of ERF/AP2 transcription factor family. The protein contains one AP2 domain. There are 17 members in this subfamily including TINY.	Ethylene-responsive transcription factor ERF034 — Probably acts as a transcriptional activator. Binds to the GCC-box pathogenesis-related promoter element. May be involved in the regulation of gene expression by stress factors and by components of stress signal transduction pathways.
AT2G45410	LBD19	LBD	11954	LOB domain-containing protein 19	LOB domain-containing protein 19	LOB domain-containing protein 19;(source:Araport11)	LOB domain-containing protein 19 | ASYMMETRIC LEAVES 2-like protein 23 | AS2-like protein 23
AT2G45420	LBD18	LBD	10834	LOB domain-containing protein 18	LOB domain-containing protein 18	LOB domain protein. LBD18/ASL20 is a transcription regulator that acts along with LBD16 to promote lateral root initiation where it functions downstream of ARF7 and ARF19.	LOB domain-containing protein 18 | ASYMMETRIC LEAVES 2-like protein 20 | AS2-like protein 20 — Involved in the positive regulation of tracheary element (TE) differentiation. Involved in a positive feedback loop that maintains or promotes NAC030/VND7 expression that regulates TE differentiation-related genes. Functions in the initiation and emergence of lateral roots, in conjunction with LBD16, downstream of ARF7 and ARF19. Transcriptional activator that directly regulates EXPA14, a gene encoding a cell wall-loosening factor that promotes lateral root emergence. Activates EXPA14 by directly binding to a specific region of its promoter. Transcriptional activator that directly regulates EXPA17, a gene encoding a cell wall-loosening factor that promotes lateral root emergence. Acts downstream of the auxin influx carriers AUX1 and LAX1 in the regulation of lateral root initiation and development.
AT2G45480	GRF9	GRF	2179	Growth-regulating factor 9	growth-regulating factor 9	Growth regulating factor encoding transcription activator. One of the nine members of a GRF gene family, containing nuclear targeting domain. Involved in leaf development.	Growth-regulating factor 9 | AtGRF9 | Transcription activator GRF9 — Transcription activator that plays a role in the regulation of cell expansion in leaf and cotyledons tissues. Component of a network formed by miR396, the GRFs and their interacting factors (GIFs) acting in the regulation of meristem function, at least partially through the control of cell proliferation.
AT2G45680	TCP9	TCP	317	Transcription factor TCP9	TCP family transcription factor	Transcription factor which modulates root architectural plasticity, ROS-mediated processes, and tolerance to cyst nematode infections.	Transcription factor TCP9
AT2G46270	GBF3	bZIP	8715	G-box-binding factor 3	G-box binding factor 3	encodes a bZIP G-box binding protein whose expression is induced by ABA. It has been shown to bind to Adh that contains the G-box and is induced by cold and water deprivation. GBF3 has been shown to be expressed mostly in the root and dark-grown leaves. GBF3 can act as homodimers and as heterodimers with GFB1, GBF2 and GBF4. In addition, GBF3��s DNA binding activity is enhanced by GIP1, GPRI1 and GPRI2. encodes a bZIP G-box binding protein whose expression is induced by ABA. It has been shown to bind to Adh that contains the G-box and is induced by cold and water deprivation. GBF3 has been shown to be expressed mostly in the root and dark-grown leaves. GBF3 can act as homodimers and as heterodimers with GFB1, GBF2 and GBF4. In addition, GBF3??s DNA binding activity is enhanced by GIP1, GPRI1 and GPRI2.	G-box-binding factor 3 | bZIP transcription factor 55 | AtbZIP55 — Binds to the G-box motif (5'-CCACGTGG-3') of the rbcS-1A gene promoter. G-box and G-box-like motifs are cis-acting elements defined in promoters of certain plant genes which are regulated by such diverse stimuli as light-induction or hormone control.
AT2G46590	DAG2	Dof	12280	Dof zinc finger protein DOF2.5	Dof-type zinc finger DNA-binding family protein	Encodes a protein containing Dof zinc finger motifs that is a positive regulator of light-mediated seed germination. Its expression is limited to vascular system of the mother plant. A recessive mutation is inherited as maternal-effect and expression is not detected in the embryo. Mutants are defective in seed germination and are more dependent on light and cold treatment and less sensitive to gibberellin during seed germination.  It plays its main role downstream of PIL5 and DAG1 in the phytochrome B (phyB)-mediated pathway.	Dof zinc finger protein DOF2.5 | AtDOF2.5 | Dof affecting germination 2 — Transcription factor specifically involved in the maternal control of seed germination. Regulates transcription by binding to a 5'-AA[AG]G-3' consensus core sequence. May ensure the activation of a component that would trigger germination as a consequence of red light perception.
AT2G46680	HB-7	HD (homeobox)	8422	Homeobox-leucine zipper protein ATHB-7	homeobox 7	encodes a putative transcription factor that contains a homeodomain closely linked to a leucine zipper motif. Transcript is detected in all tissues examined.  Is transcriptionally regulated in an ABA-dependent manner and may act in a signal transduction pathway which mediates a drought response.	Homeobox-leucine zipper protein ATHB-7 | HD-ZIP protein ATHB-7 | Homeodomain transcription factor ATHB-7 — Probable transcription activator that may act as growth regulators in response to water deficit.
AT2G46770	NST1	NAC	10561	NAC domain-containing protein 43	NAC (No Apical Meristem) domain transcriptional regulator superfamily protein	NAC transcription factor NST1. NST1 and NST2 are redundant in regulating secondary wall thickening  in anther walls and siliques. An NST1 promoter  fusion was detected in various tissues in which lignified secondary walls develop. Both MYC2 and MYC4 bind to the NST1 promoter and appear to regulate its expression in response to blue light.	NAC domain-containing protein 43 | ANAC043 | Protein EMBRYO DEFECTIVE 2301 | Protein NAC SECONDARY WALL THICKENING PROMOTING FACTOR 1 — Transcription activator of genes involved in the biosynthesis of secondary walls. Together with NST2 and NST3, required for the secondary cell wall thickening of sclerenchymatous fibers, secondary xylem (tracheary elements), and of the anther endocethium, which is necessary for anther dehiscence. Supports cortex cell lignification in secondary cell wall (SCW) of seeds. May also regulate the secondary cell wall lignification of other tissues.
AT2G47070	SPL1	SBP	7015	Squamosa promoter-binding-like protein 1	squamosa promoter binding protein-like 1	member of SPL gene family, encodes DNA binding proteins and putative transcription factors.  All have the SBP-box, which encodes the SBP-domain, required for and  sufficient for interaction with DNA.	Squamosa promoter-binding-like protein 1 — Trans-acting factor that binds specifically to the consensus nucleotide sequence 5'-TNCGTACAA-3' of AP1 promoter. Binds specifically to the 5'-GTAC-3' core sequence.
AT3G01220	HB20	HD (homeobox)	4950	Homeobox-leucine zipper protein ATHB-20	homeobox protein 20	Encodes a homeodomain leucine zipper class I (HD-Zip I) protein.  Expressed during seed germination in the micropylar endosperm and in the root cap, and increases ABA sensitivity and seed dormancy when mutated.	Homeobox-leucine zipper protein ATHB-20 | HD-ZIP protein ATHB-20 | Homeodomain transcription factor ATHB-20 — Probable transcription factor.
AT3G01530	MYB57	MYB	9730	Transcription factor MYB57	myb domain protein 57	Member of the R2R3 factor gene family.MYB57 interacts with JAZ proteins, and functions redundantly with MYB21 and MYB24 to regulate stamen development. Promote flavonol biosynthesis through regulation of FLS1 gene expression.	Transcription factor MYB57 | Myb-related protein 57 | AtMYB57 — Transcription factor acting redundantly with MYB21 and MYB24 to control stamen filament elongation in the late developed flowers. Repressed at the transcript levels by DELLA proteins.
AT3G01970	WRKY45	WRKY	7921	Probable WRKY transcription factor 45	WRKY DNA-binding protein 45	member of WRKY Transcription Factor; Group I; confers cadmium tolerance via activating PCS1 and PCS2 expression.	Probable WRKY transcription factor 45 | AT.I.24-4 | WRKY DNA-binding protein 45 — Transcription factor. Interacts specifically with the W box (5'-(T)TGAC[CT]-3'), a frequently occurring elicitor-responsive cis-acting element.
AT3G02940	MYB107	MYB	7559	Myb domain protein 107	myb domain protein 107	Encodes a putative transcription factor (MYB107); regulates together with MYB9 the polar oil barrier, which is crucial  for the lignified polar oi1 barrier formation of the seed coat suberin layer promoting dormancy under cold temperatures.	Myb domain protein 107
AT3G03200	NAC045	NAC	9183	NAC domain-containing protein 45	NAC domain containing protein 45	NAC domain containing protein 45;(source:Araport11)	NAC domain-containing protein 45 — Transcription factor directing sieve element enucleation and cytosol degradation. Not required for formation of lytic vacuoles. Regulates, with NAC086, the transcription of NEN1, NEN2, NEN3, NEN4, RTM1, RTM2, UBP16, PLDZETA, ABCB10 and At1g26450.
AT3G04030	MYR2	G2-like (GARP)	12117	Myb-related protein 2	Homeodomain-like superfamily protein	Homeodomain-like superfamily protein;(source:Araport11)	Myb-related protein 2 | Myb family transcription factor PHL9 | Protein NITROGEN STARVATION RESPONSE 1 | AtNSR1 — Transcriptional activator that may activate the transcription of specific genes involved in nitrogen uptake or assimilation. Acts redundantly with MYR1 as a repressor of flowering and organ elongation under decreased light intensity. Represses gibberellic acid (GA)-dependent responses and affects levels of bioactive GA.
AT3G04060	NAC046	NAC	10054	NAC domain-containing protein 46	NAC domain containing protein 46	NAC046 is a member of the NAC domain containing family of transcription factors. It was identified in a screen for regulators of chlorophyll protein gene expression. Mutants in NAC046 have delayed senescence and increased CHL content suggesting a role in regulation of senescence and chlorophyll degradation.	NAC domain-containing protein 46 | ANAC046 — Transcriptional activator that acts as a positive regulator of leaf senescence. Activates NYC1, SGR1, SGR2 and PAO, which are genes involved in chlorophyll catabolic processes. Activates senescence-associated genes, such as RNS1, SAG12 and SAG13.
AT3G04070	NAC047	NAC	6448	NAC transcription factor 47	NAC domain containing protein 47	NAC domain containing protein 47;(source:Araport11)	NAC transcription factor 47 | NAC domain-containing protein 47 | ANAC047 | Protein SPEEDY HYPONASTIC GROWTH — Required for normal seed development and morphology.
AT3G06490	MYB108	MYB	1909	Transcription factor MYB108	myb domain protein 108	Encodes a MYB transcription factor involved in regulating anther dehiscence as well as regulating cell death, and cuticle-related Botrytis immunity.	Transcription factor MYB108 | Myb-related protein 108 | AtMYB108 | Protein BOTRYTIS-SUSCEPTIBLE 1 — Transcription factor contributing to the regulation of stamen maturation and male fertility in response to jasmonate signaling. Required for correct timing of anther dehiscence. Acts as a negative regulator of abscisic acid-induced cell death. Not involved in the regulation of BOI. Regulated by MYB21 and at a lower level by MYB24. Negatively regulated by the proteasome in an SCF(COI1) E3 ubiquitin-protein ligase complex-dependent manner.
AT3G08500	MYB83	MYB	11065	Transcription factor MYB83	myb domain protein 83	Encodes a putative R2R3-type MYB transcription factor (MYB83).	Transcription factor MYB83 | Myb-related protein 83 | AtMYB83 — Transcription factor that acts as a molecular switch in the NAC012/SND1-mediated transcriptional network regulating secondary wall biosynthesis. Is directly activated by NAC012/SND1 and its close homologs, including NAC043/NST1, NAC066/NST2, NAC101/VND6 and NAC030/VND7. Is required for functional expression of a number of secondary wall-associated transcription factors and secondary wall biosynthetic genes involved in cellulose, xylan and lignin synthesis. Functions redundantly with MYB46 in the transcriptional regulatory cascade leading to secondary wall formation in fibers and vessels. Transcription activator that binds to the DNA consensus sequence 5'-ACC[AT]A[AC][TC]-3', designated as the secondary wall MYB-responsive element (SMRE). Regulates directly numerous transcription factors and a number of genes involved in secondary wall biosynthesis that contain SMRE elements in their promoters.
AT3G09600	RVE8	MYB-related	13384	Protein REVEILLE 8	Homeodomain-like superfamily protein	Encodes a MYB-like transcription factor similar to CIRCADIAN CLOCK-ASSOCIATED1 (CCA1) and ELONGATED HYPOCOTYL (LHY). Involved in the regulation of circadian clock by modulating the pattern of histone 3 (H3) acetylation. Functions as a transcriptional activator of evening element containing clock genes. Involved in heat shock response.	Protein REVEILLE 8 | MYB-like transcription factor RVE8 | Protein LHY-CCA1-like 5 — Transcriptional activator of evening element (EE)-containing clock-controlled genes. Forms a negative feedback loop with APRR5. Regulates the pattern of histone H3 acetylation of the TOC1 promoter. RVE4, RVE6 and RVE8 are components of the circadian system acting synergistically to regulate flowering time, redundantly to regulate leaf growth, and antagonistically to regulate hypocotyl elongation; their action seems independent of ZTL and HY5.
AT3G09735	S1FA3	S1Fa-like	6577	DNA-binding protein S1FA3	S1FA-like DNA-binding protein	S1FA-like DNA-binding protein;(source:Araport11)	DNA-binding protein S1FA3 — DNA-binding protein that specifically recognizes a negative element (S1F) within the RPS1 promoter.
AT3G10030			2174	UMP kinase	aspartate/glutamate/uridylate kinase family protein	uncharacterized gene similar  to PUMPKIN	UMP kinase | Uridine monophosphate kinase
AT3G10113	RVE7L	MYB-related	15664	Protein REVEILLE 7-like	Homeodomain-like superfamily protein	Homeodomain-like superfamily protein;(source:Araport11)	Protein REVEILLE 7-like — Probable transcription factor.
AT3G10480	NAC050	NAC	8396	NAC domain containing protein 50	NAC domain containing protein 50	Encodes a NAC transcription factor that physically associates with the histone H3K4 demethylase JMJ14 and through that association is involved in transcriptional repression and flowering time control. It binds the NAC-binding site, the Mitochondrial Dysfunction Motif.	NAC domain containing protein 50 | ANAC050 — Transcriptional repressor that binds to the motif 5'-(C/T)A(C/A)G-3' in the promoter of target genes. Also binds to the 5'-CTTGNNNNNCAAG-3' consensus sequence in chromatin. Can bind to the mitochondrial dysfunction motif (MDM) present in the upstream regions of mitochondrial dysfunction stimulon (MDS) genes involved in mitochondrial retrograde regulation (MRR). Together with NAC051/NAC052 and JMJ14, regulates gene expression and flowering time by associating with the histone demethylase JMJ14, probably by the promotion of RNA-mediated gene silencing.
AT3G10500	NAC053	NAC	5926	NAC domain-containing protein 53	NAC domain containing protein 53	Encodes a transcriptional activator that is associated with the plasma membrane in a dormant form and is proteolytically cleaved to create a form that can enter the nucleus.  It is thought to promote ROS production by binding directly to the promoters of genes encoding ROS biosynthetic enzymes during drought-induced leaf senescence.	NAC domain-containing protein 53 | ANAC053 | Protein ANTHER INDEHISCENCE FACTOR | Protein NTM1-like 4 — Transcriptional activator activated by proteolytic cleavage through regulated intramembrane proteolysis (RIP). Promotes reactive oxygen species (ROS) production during drought-induced leaf senescence. In response to abscisic acid (ABA)-mediated drought stress signals, binds directly to the promoters of RBOHC and RBOHE genes, encoding ROS biosynthetic enzymes, resulting in ROS accumulation and triggering leaf senescence via programmed cell death (PCD). ROS-induced leaf senescence sustains plant survival under drought conditions. Involved in heat stress response. Modulates PCD through a ROS-mediated positive feedback control under heat stress conditions. This may provide an adaptation strategy for plant survival under extreme heat stress conditions. Acts as a repressor in preventing anther dehiscence during stamen development by suppressing genes that participate in jasmonic acid (JA) biosynthesis, such as DAD1, AOS, AOC3, OPR3 and 4CLL5/OPCL1.
AT3G10580		MYB-related	4627	Homeodomain-like superfamily protein	Homeodomain-like superfamily protein	Homeodomain-like superfamily protein;(source:Araport11)	Homeodomain-like superfamily protein
AT3G10800	BZIP28	bZIP	1469	bZIP transcription factor 28	Basic-leucine zipper (bZIP) transcription factor family protein	Encodes bZIP28, a putative membrane-tethered transcriptional factor. Up-regulated in response to heat; a bZIP28 null mutant has a heat-sensitive phenotype.  bZIP28 has a similar domain structure to the mammalian ATF6 protein involved in the unfolded protein response (UPR), and shares a bZIP domain, transmembrane domain, and a canonical S1P cleavage site. The bZIP28 seems to be glycosylated in vivo. bZIP28 does not appear to be transcriptionally up-regulated by UPR-inducing tunicamycin (TM) treatment. But, the expression level of three UPR-related genes is reduced in TM-treated zip28 mutants relative to wild type seedlings. And several UPR genes are transcriptionally upregulated when an N-terminal portion of the bZIP28 protein is expressed using the 35S promoter. A myc:bZIP28 fusion protein appears to be cleaved, likely at a canonical S2 cleavage site, following a TM treatment or a DTT stress-inducing treatment, but not a salt treatment. A portion of the  mGFP:bZIP28 protein present in root cells appears to translocate from the cytoplasm and ER to the nucleus following TM treatment. It is cleaved by S2P to allow translocation to the nucleus.	bZIP transcription factor 28 | AtbZIP28 — Transcriptional activator involved in ER stress responses. Functions as a stress sensor and transducer in ER stress signaling pathway. After proteolysis by SBT6.1 (S1P) and S2P, the N-terminal bZIP component is translocated to the nucleus, where it activates the expression and production of ER chaperones. Following ER stress, activates proteins involved in brassinosteroid (BR) signaling, which is required for stress acclimation and growth.
AT3G11280	MYB-LIKE	MYB-related	1813	Duplicated homeodomain-like superfamily protein	Duplicated homeodomain-like superfamily protein	Putative transcription factors interacting with the gene product of VHA-B1 (vacuolar ATPase subunit B1; as shown through yeast two-hybrid assay).	Duplicated homeodomain-like superfamily protein
AT3G11440	MYB65	MYB	8251	Transcription factor MYB65	myb domain protein 65	Member of the R2R3-MYB gene family. Similar to GA-induced Barley myb gene. May be induced during germination in response to GA. Double mutants with MYB33 are male sterile, showing defects in pollen development and anther development. Contains a binding site for miRNA159 and may be spatially regulated by this micro RNA. A highly conserved RNA secondary structure abuts the miR159 binding site which facilitates its regulation by miR159. The male sterile phenotype of  the MYB33/MYB65 double mutant is light and temperature sensitive. Fertility can be restored with increased light intensity and lower temperatures.	Transcription factor MYB65 | Myb-related protein 65 | AtMYB65 — Transcriptional activator of alpha-amylase expression that binds to 5'-CAACTGTC-3' motif in target gene promoter. In vegetative tissues, inhibits growth by reducing cell proliferation. Promotes the expression of aleurone-related genes (e.g. CP1, CP, GASA1, BXL1 and BXL2) in seeds. Together with MYB33 and MYB101, promotes the programmed cell death (PCD) the vacuolation of protein storage vacuoles (PSVs) in the aleurone layers during seed germination. Together with MYB33, facilitates anther and tapetum development.
AT3G12130	AtC3H36	Zinc finger (other)	9636	Zinc finger CCCH domain-containing protein 36	KH domain-containing protein / zinc finger (CCCH type) family protein.	KHZ1 is a CCCH zinc-finger and KH domain protein belonging to the  VII subfamily. It is expressed throughout the plant. Highly similar to KHZ2.  khz1 mutants are late flowering and double mutants with khz2 are even more late flowering. Overexpression leads to increased rates of leaf senescence.	Zinc finger CCCH domain-containing protein 36 | AtC3H36
AT3G12250	TGA6	bZIP	12753	Transcription factor TGA6	TGACG motif-binding factor 6	basic leucine zipper transcription factor involved in the activation of SA-responsive genes.	Transcription factor TGA6 | bZIP transcription factor 45 | AtbZIP45 — Transcriptional activator that binds specifically to the DNA sequence 5'-TGACG-3'. Recognizes ocs elements like the as-1 motif of the cauliflower mosaic virus 35S promoter. Binding to the as-1-like cis elements mediate auxin- and salicylic acid-inducible transcription. May be involved in the induction of the systemic acquired resistance (SAR) via its interaction with NPR1. Could also bind to the Hex-motif (5'-TGACGTGG-3') another cis-acting element found in plant histone promoters.
AT3G12720	MYB67	MYB	13671	Myb domain protein 67	myb domain protein 67	Member of the R2R3 factor gene family; controls phellem cell maturation.	Myb domain protein 67
AT3G12730	PHL12	G2-like (GARP)	8585	Myb family transcription factor PHL12	Homeodomain-like superfamily protein	Homeodomain-like superfamily protein;(source:Araport11)	Myb family transcription factor PHL12 | Protein PHR1-LIKE 12
AT3G13810	IDD11	C2H2	2987	Protein indeterminate-domain 11	indeterminate(ID)-domain 11	indeterminate(ID)-domain 11;(source:Araport11)	Protein indeterminate-domain 11 — Probable transcription factor.
AT3G14180	ASIL2	Trihelix	4937	Trihelix transcription factor ASIL2	sequence-specific DNA binding transcription factors	sequence-specific DNA binding transcription factor;(source:Araport11)	Trihelix transcription factor ASIL2 | 6B-interacting protein 1-like 2 | Trihelix DNA-binding protein ASIL2 — Transcription regulator that may repress the maturation program during early embryogenesis.
AT3G15170	CUC1	NAC	2763	Protein CUP-SHAPED COTYLEDON 1	NAC (No Apical Meristem) domain transcriptional regulator superfamily protein	Encodes a transcription factor involved in shoot apical meristem formation and cotyledon separation. Functions redundantly with CUC2 and  CUC3. The cuc1 cuc2 double mutant phenotype is first detectable at the heart stage, as embryos lacking two distinct bulges of cotyledonary primordia.In post embryonic development it plays a role in axillary meristem formation, boundary separation, gynoecium and ovule development.Contains a MIR164 binding site.Expressed in the flanking regions of shoot meristem, but expression is absent from developing leaves.	Protein CUP-SHAPED COTYLEDON 1 | NAC domain-containing protein 1 | NAC domain-containing protein 54 | ANAC054 — Transcription activator of STM and KNAT6. Involved in molecular mechanisms regulating shoot apical meristem (SAM) formation during embryogenesis and organ separation. Required for the fusion of septa of gynoecia along the length of the ovaries. Activates the shoot formation in callus in a STM-dependent manner. Seems to act as an inhibitor of cell division.
AT3G15210	ERF4	AP2/ERF	8393	Ethylene-responsive transcription factor 4	ethylene responsive element binding factor 4	Encodes a member of the ERF (ethylene response factor) subfamily B-1 of ERF/AP2 transcription factor family (ATERF-4). The protein contains one AP2 domain. Acts as a negative regulator of JA-responsive defense gene expression and resistance to the  necrotrophic fungal pathogen Fusarium oxysporum and antagonizes JA inhibition of root elongation.	Ethylene-responsive transcription factor 4 | AtERF4 | Ethylene-responsive element-binding factor 4 | EREBP-4 — Acts as a transcriptional repressor. Binds to the GCC-box pathogenesis-related promoter element. Involved in the regulation of gene expression by stress factors and by components of stress signal transduction pathways, and could also regulate other AtERFs.
AT3G15270	SPL5	SBP	14608	Squamosa promoter-binding-like protein 5	squamosa promoter binding protein-like 5	Encodes a member of the SPL (squamosa-promoter binding protein-like)gene family, a novel gene family encoding DNA binding proteins and putative transcription factors.  Contains the SBP-box, which encodes the SBP-domain, required and sufficient for interaction with DNA. It is involved in regulation of flowering and vegetative phase change.  Its temporal expression is regulated by the microRNA miR156. The target site for the microRNA is in the 3'UTR.	Squamosa promoter-binding-like protein 5 — Trans-acting factor that binds specifically to the consensus nucleotide sequence 5'-TNCGTACAA-3' of AP1 promoter. Promotes both vegetative phase change and flowering.
AT3G15500	NAC3	NAC	6370	NAC domain-containing protein 55	NAC domain containing protein 3	Encodes an ATAF-like NAC-domain transcription factor that doesn't contain C-terminal sequences shared by CUC1, CUC2 and NAM. Note: this protein (AtNAC3) is not to be confused with the protein encoded by locus AT3G29035, which, on occasion, has also been referred to as AtNAC3.	NAC domain-containing protein 55 | ANAC055 | NAC domain-containing protein 3 | AtNAC3 — Transcription factors that bind specifically to the 5'-CATGTG-3' motif.
AT3G16280	ERF036	AP2/ERF	10192	Ethylene-responsive transcription factor ERF036	Integrase-type DNA-binding superfamily protein	encodes a member of the DREB subfamily A-4 of ERF/AP2 transcription factor family. The protein contains one AP2 domain. There are 17 members in this subfamily including TINY.	Ethylene-responsive transcription factor ERF036 — Probably acts as a transcriptional activator. Binds to the GCC-box pathogenesis-related promoter element. May be involved in the regulation of gene expression by stress factors and by components of stress signal transduction pathways.
AT3G17730	NAC057	NAC	4565	NAC domain containing protein 57	NAC domain containing protein 57	NAC domain containing protein 57;(source:Araport11)	NAC domain containing protein 57
AT3G18400	NAC058	NAC	10209	NAC domain containing protein 58	NAC domain containing protein 58	NAC domain containing protein 58;(source:Araport11)	NAC domain containing protein 58
AT3G18990	VRN1	AP2/ERF	5211	B3 domain-containing transcription factor VRN1	AP2/B3-like transcriptional factor family protein	Required for vernalization. Essential for the complete repression of FLC in vernalized plants. Required for the methylation of  histone H3	B3 domain-containing transcription factor VRN1 | Protein VERNALIZATION 1 — Essential protein. Involved in the regulation of vernalization. Acts as a transcriptional repressor of FLC, a major target of the vernalization pathway. Binds DNA in vitro in a non-sequence-specific manner.
AT3G20310	ERF7	AP2/ERF	10826	Ethylene-responsive transcription factor 7	ethylene response factor 7	Encodes a member of the ERF (ethylene response factor) subfamily B-1 of ERF/AP2 transcription factor family (ATERF-7). The protein contains one AP2 domain. Phosphorylated by PKS3 in vitro. Involved in ABA-mediated responses. Acts as a repressor of GCC box�mediated transcription together with AtSin3 and HDA19.	Ethylene-responsive transcription factor 7 | AtERF7 | Ethylene-responsive element-binding factor 7 | EREBP-7 — Involved in the regulation of gene expression by abscisic acid, stress factors and by components of stress signal transduction pathways. Transcription factor that binds to the GCC-box pathogenesis-related promoter element. Part of a transcriptional repressor complex including a histone deacetylase.
AT3G20770	EIN3	EIL	1118	Protein ETHYLENE INSENSITIVE 3	Ethylene insensitive 3 family protein	Encodes EIN3 (ethylene-insensitive3), a nuclear transcription factor that initiates downstream transcriptional cascades for ethylene responses. EIN3 interacts with MYC2, MYC3 and MYC4 to inhibit jasmonate-induced expression of wound-responsive genes and herbivory-inducible genes, and plant defense against generalist herbivores.	Protein ETHYLENE INSENSITIVE 3 — Transcription factor acting as a positive regulator in the ethylene response pathway, by promoting histone acetylation in an ENAP1-dependent manner, thus accelerating the expression of ethylene-responsive genes. Binds DNA. Is required for ethylene responsiveness in adult plant tissues. Binds a primary ethylene response element present in the ETHYLENE-RESPONSE-FACTOR1 promoter with consequence to activate the transcription of this gene.
AT3G21890	BBX31	CO-like (BBX)	11208	B-box domain protein 31	B-box type zinc finger family protein	Encodes a microprotein that delays floral transition by forming a complex with CONSTANS (CO) and the co-repressor protein TOPLESS.	B-box domain protein 31 | AtBBX31 | Microprotein 1B — Developmental regulator acting by forming heterodimeric complexes, that sequester CO and CO-like (COL) proteins into non-functional complexes. Involved in the CO-mediated long-day flowering-promotion pathway. Engages CO and the transcriptional repressor TPL in a tripartite complex.
AT3G22760	SOL1	CPP	10699	Protein tesmin/TSO1-like CXC 3	Tesmin/TSO1-like CXC domain-containing protein	CXC domain containing TSO1-like protein 1. The gene is expressed in stamens, pollen mother cells, and immature ovules. Regulates fate transition and cell Divisions in the stomatal lineage.	Protein tesmin/TSO1-like CXC 3 | AtTCX3 | Protein TSO1-like 1 | Protein SOL1 — Plays a role in development of both male and female reproductive tissues.
AT3G22830	HSFA6B	HSF	16790	Heat stress transcription factor A-6b	heat shock transcription factor  A6B	member of Heat Stress Transcription Factor (Hsf) family	Heat stress transcription factor A-6b | AtHsfA6b | AtHsf-07 — Transcriptional activator that specifically binds DNA sequence 5'-AGAAnnTTCT-3' known as heat shock promoter elements (HSE).
AT3G23220	ESE1	AP2/ERF	1346	Ethylene-responsive transcription factor ERF095	Integrase-type DNA-binding superfamily protein	encodes a member of the ERF (ethylene response factor) subfamily B-3 of ERF/AP2 transcription factor family. The protein contains one AP2 domain. There are 18 members in this subfamily including ATERF-1, ATERF-2, AND ATERF-5.	Ethylene-responsive transcription factor ERF095 — Probably acts as a transcriptional activator. Binds to the GCC-box pathogenesis-related promoter element. May be involved in the regulation of gene expression by stress factors and by components of stress signal transduction pathways.
AT3G24050	GATA1	GATA	934	GATA transcription factor 1	GATA transcription factor 1	Encodes a member of the GATA factor family of zinc finger transcription factors.	GATA transcription factor 1 | AtGATA-1 — Transcriptional activator that specifically binds 5'-GATA-3' or 5'-GAT-3' motifs within gene promoters. May be involved in the regulation of some light-responsive genes.
AT3G24120	PHL2	G2-like (GARP)	19976	Protein PHR1-LIKE 2	Homeodomain-like superfamily protein	MYB-CC protein involved in regulation of response to phosphate starvation.	Protein PHR1-LIKE 2 | Myb family transcription factor PHL2 — Transcriptional activator. Acts redundantly with PHR1 as a key component of the central regulatory system controlling transcriptional responses to Pi starvation. Binds in a sequence-specific manner to phosphate starvation-regulated promoters.
AT3G24520	HSFC1	HSF	6025	Heat stress transcription factor C-1	heat shock transcription factor  C1	member of Heat Stress Transcription Factor (Hsf) family	Heat stress transcription factor C-1 | AtHsfC1 | AtHsf-08 — Transcriptional regulator that specifically binds DNA sequence 5'-AGAAnnTTCT-3' known as heat shock promoter elements (HSE).
AT3G25990	GT-4	Trihelix	2262	Trihelix transcription factor GT-4	Homeodomain-like superfamily protein	Homeodomain-like superfamily protein;(source:Araport11)	Trihelix transcription factor GT-4 | Trihelix DNA-binding protein GT-4 — Probable transcription factor that binds specific DNA sequence.
AT3G26620	LBD23	LBD	1361	LOB domain-containing protein 23	LOB domain-containing protein 23	LOB domain-containing protein 23;(source:Araport11)	LOB domain-containing protein 23 | ASYMMETRIC LEAVES 2-like protein 14 | AS2-like protein 14
AT3G26790	FUS3	AP2/ERF	2463	B3 domain-containing transcription factor FUS3	AP2/B3-like transcriptional factor family protein	Transcriptional factor with high similarity to the B3 region of the VP1/ABI3-like proteins. Full length FUS3 protein binds to the highly conserved RY motif [DNA motif CATGCA(TG)], present in many seed-specific promoters, and the B3 domains of this transcription factor is necessary for the specific interaction with the RY element. Transcriptional activity of FUS3 requires the B3 DNA-binding domain and an activation domain. FUS3 specifies cotyledon identity. Regulator of gene expression during late embryogenesis. Involved in the control foliar organ identity in Arabidopsis by regulating the synthesis of two hormones, abscisic acid and gibberellin.  FUS3 together with LEC1 positively regulate the abundance of the ABI3 protein in the seed.	B3 domain-containing transcription factor FUS3 | Protein FUSCA3 — Transcription regulator involved in gene regulation during late embryogenesis. Its expression to the epidermis is sufficient to control foliar organ identity by regulating positively the synthesis abscisic acid (ABA) and negatively gibberellin production. Negatively regulates TTG1 in the embryo. Positively regulates the abundance of the ABI3 protein in the seed. Cooperates with KIN10 to regulate developmental phase transitions and lateral organ development and act both as positive regulators of abscisic acid (ABA) signaling during germination.
AT3G27010	TCP20	TCP	908	Transcription factor TCP20	TEOSINTE BRANCHED 1, cycloidea, PCF (TCP)-domain family protein 20	Belongs to a TCP protein transcription factor family. Members of this family contain a predicted basic-helix-loop-helix domain involved in DNA binding. Related to rice PCF1 and PCF2 genes. Binds to the GCCCR element of CYCB1;1. Involved in regulation of expression of cell cycle control and ribosomal protein genes. Inhibits pavement cell size without affecting leaf size.	Transcription factor TCP20 — Transcription factor that binds to the site II motif (3'-TGGGCC/T-5') in the promoter of PCNA-2 and to 3'-GCCCG/A-5' elements in the promoters of cyclin CYCB1-1 and ribosomal protein genes.
AT3G27785	MYB118	MYB	3699	Transcription factor MYB118	myb domain protein 118	MYB118 encodes a myb transcription factor that represses endosperm maturation and, along with MYB115, regulates glucosinolate biosynthesis.	Transcription factor MYB118 | Myb-related protein 118 | AtMYB118 | Protein PLANT GROWTH ACTIVATOR 37 — Transcription activator that recognizes the motif 5'-TAACGG-3' in the promoter of endosperm-induced genes. Promotes vegetative-to-embryonic transition and the formation of somatic embryos from root explants in a WUS-independent manner but via the expression of embryonic genes (e.g. LEC1, LEC2, FUS3 and WUS). May play an important role during embryogenesis and seed maturation. Together with MYB115, activates the transcription of S-ACP-DES2/AAD2 and S-ACP-DES3/AAD3 thus promoting the biosynthesis of omega-7 monounsaturated fatty acid in seed endosperm. Negatively regulates maturation genes in the endosperm.
AT3G28920	HB34	ZF-HD	14118	Zinc-finger homeodomain protein 9	homeobox protein 34	Homeobox transcription factor which suppresses jasmonic acid biosynthesis but promotes the expression of growth-related genes to balance plant immunity and growth.	Zinc-finger homeodomain protein 9 | AtZHD9 | Homeobox protein 34 | AtHB-34 — Putative transcription factor.
AT3G30210	MYB121	MYB	1853	Myb domain protein 121	myb domain protein 121	Encodes a putative transcription factor, member of the R2R3 factor gene family (MYB121).	Myb domain protein 121
AT3G42860		Zinc finger (other)	2167	Zinc knuckle	zinc knuckle (CCHC-type) family protein	zinc knuckle (CCHC-type) family protein;(source:Araport11)	Zinc knuckle | CCHC-type
AT3G45610	DOF6	Dof	14781	Dof zinc finger protein DOF3.2	Dof-type zinc finger DNA-binding family protein	PEAR protein involved in the formation of a short-range concentration gradient that peaks at protophloem sieve elements, and activates gene expression that promotes radial growth. Locally promotes transcription of inhibitory HD-ZIP III genes, and thereby establishes a negative-feedback loop that forms a robust boundary that demarks the zone of cell division.	Dof zinc finger protein DOF3.2 | AtDOF3.2 | Protein PHLOEM EARLY DOF6 — Transcription factor that negatively affects seed germination and opposes TCP14 function in the regulation of a specific set of abscisic acid-related genes. The PEAR proteins (e.g. DOF2.4, DOF5.1, DOF3.2, DOF1.1, DOF5.6 and DOF5.3) activate gene expression that promotes radial growth of protophloem sieve elements.
AT3G46590	TRFL1	MYB-related	1512	Telomere repeat-binding protein 2	TRF-like 1	Encodes a protein that specifically binds plant telomeric DNA (TTTAGGG)n repeats. Involved in bending DNA. Expressed throughout the plant with highest levels in flowers.	Telomere repeat-binding protein 2 | Protein TRF-LIKE 1 — Binds specifically to the plant telomeric double-stranded DNA sequences. At least 2 repeats of telomeric sequences are required for binding. Induces DNA bending.
AT3G47500	CDF3	Dof	10960	Cyclic dof factor 3	cycling DOF factor 3	Dof-type zinc finger domain-containing protein, identical to H-protein promoter binding factor-2a GI:3386546 from (Arabidopsis thaliana). Interacts with LKP2 and FKF1, but its overexpression does not change flowering time under short or long day conditions.	Cyclic dof factor 3 | Dof zinc finger protein DOF3.3 | AtDOF3.3 | H-protein promoter-binding factor 2a — Transcription factor that binds specifically to a 5'-AA[AG]G-3' consensus core sequence. Regulates a photoperiodic flowering response. Transcriptional repressor of 'CONSTANS' expression.
AT3G49530	NAC062	NAC	5243	NAC domain-containing protein 62	NAC domain containing protein 62	Transcription factor that serves as a molecular link between cold signals and pathogen resistance  responses.  Undergoes proteolytic processing triggered by cold-induced changes in membrane fluidity.It relocates from the plasma membrane to the nucleus in response to ER stress. NAC062 is phosphorylated by SnRK2.8 at Thr-142.	NAC domain-containing protein 62 | ANAC062 | Protein NTM1-like 6 — Transcriptional activator activated by proteolytic cleavage through regulated intramembrane proteolysis (RIP). Transcriptional activator involved in response to cold stress. Mediates induction of pathogenesis-related (PR) genes independently of salicylic signaling in response to cold. Binds directly to the PR gene promoters and enhances plant resistance to pathogen infection, incorporating cold signals into pathogen resistance responses. Plays a regulatory role in abscisic acid (ABA)-mediated drought-resistance response.
AT3G50060	MYB77	MYB	16474	Transcription factor MYB77	myb domain protein 77	Encodes a member of the R2R3 transcription factor gene family. Expressed in response to potassium deprivation and auxin. Involved in lateral root development. Interacts with ARF7 and regulates the expression of some auxin responsive genes.	Transcription factor MYB77 | Myb-related protein 77 | AtMYB77 | Myb-related protein R2 — Transcription factor involved in auxin response. Functions in auxin signal transduction and modulates lateral root growth. Interacts with ARF response factors to promote auxin-responsive gene expression. In response to auxin, binds sequence-specific motifs in the promoter of the auxin-responsive gene IAA19, and activates IAA19 transcription. The IAA19 transcription activation by MYB77 is enhanced by direct interaction between MYB77 and PYL8.
AT3G50260	CEJ1	AP2/ERF	14013	Ethylene-responsive transcription factor ERF011	cooperatively regulated by ethylene and jasmonate 1	Encodes a member of the DREB subfamily A-5 of ERF/AP2 transcription factor family. The protein contains one AP2 domain. Involved in defense and freezing stress responses. There are 16 members in this subfamily including RAP2.1, RAP2.9 and RAP2.10.	Ethylene-responsive transcription factor ERF011 — Probably acts as a transcriptional activator. Binds to the GCC-box pathogenesis-related promoter element. May be involved in the regulation of gene expression by stress factors and by components of stress signal transduction pathways.
AT3G50410	OBP1	Dof	14784	Dof zinc finger protein DOF3.4	OBF binding protein 1	Arabidopsis Dof protein containing a single 51-amino acid zinc finger DNA-binding domain, which may play an important roles in plant growth and development.	Dof zinc finger protein DOF3.4 | AtDOF3.4 | OBF-binding protein 1 — Transcription factor that binds specifically to a 5'-AA[AG]G-3' consensus core sequence. Enhances the DNA binding of OBF transcription factors to OCS elements.
AT3G52440	DOF3.5	Dof	15349	Dof zinc finger protein DOF3.5	Dof-type zinc finger DNA-binding family protein	Dof-type zinc finger DNA-binding family protein;(source:Araport11)	Dof zinc finger protein DOF3.5 | AtDOF3.5 — Transcription factor that binds specifically to a 5'-AA[AG]G-3' consensus core sequence.
AT3G53200	MYB27	MYB	4828	Transcription factor MYB27	myb domain protein 27	Member of the R2R3 factor gene family. Recruits the long non-coding  RNA?PRC2 (SEAIR?PRC2) complex for H3K27me3 deposition on exon  1 of SE and subsequently represses SE expression, while PAR2?MYB27  interaction inhibits both the binding of MYB27 on the SE promoter and the  recruitment of SEAIR?PRC2 by MYB27.	Transcription factor MYB27 | Myb-related protein 27 | AtMYB27
AT3G55370	OBP3	Dof	12069	Dof zinc finger protein DOF3.6	OBF-binding protein 3	Encodes a nuclear localized Dof domain containing transcription factor expressed primarily in roots. Responsive to salicylic acid. Transgenic overexpressors have yellow leaves and short, defective roots.	Dof zinc finger protein DOF3.6 | AtDOF3.6 | OBF-binding protein 3 — Transcription factor that binds specifically to a 5'-AA[AG]G-3' consensus core sequence. Enhances the DNA binding of OBF transcription factors to OCS elements.
AT3G56400	WRKY70	WRKY	6714	Probable WRKY transcription factor 70	WRKY DNA-binding protein 70	Member of WRKY Transcription Factor; Group III. Function as activator of SA-dependent defense genes and a repressor of JA-regulated genes. WRKY70-controlled suppression of  JA-signaling is partly executed by NPR1.	Probable WRKY transcription factor 70 | WRKY DNA-binding protein 70 — Transcription factor involved in senescence, biotic and abiotic stress responses by modulating various phytohormones signaling pathways. Interacts specifically with the W box (5'-(T)TGAC[CT]-3'), a frequently occurring elicitor-responsive cis-acting element. Binds to the 5'-[CT]GACTTTT-3' motif in promoters of target genes to induce their expression. Binding to the W-box element of PR-1 promoter is mediated by not-sumoylated NPR1 in the absence of salicylic acid. Plays an important but not indispensable role in jasmonate and salicylic acid signaling. Positively regulates the salicylic acid (SA)-mediated signal pathway, but negatively the jasmonic acid (JA)-mediated signal pathway, thus determining the balance between these mutually antagonistic pathways. Together with WRKY46, WRKY53 and WRKY54, prevents defense response to the necrotrophic pathogens P.carotovorum and B.cinerea, but promotes defense responses (including SA-induced pathogenesis-related (PR) genes expression) against biotrophic/hemibiotrophic SA-monitored pathogens (e.g. P.syringae, E.carotovora subsp. carotovora SCC3193 and E.cichoracearum), …
AT3G56850	AREB3	bZIP	3936	ABSCISIC ACID-INSENSITIVE 5-like protein 2	ABA-responsive element binding protein 3	Encodes an ABA-responsive element binding protein with a bZIP domain. Located in the nucleus and expressed in the embryo during seed  maturation.	ABSCISIC ACID-INSENSITIVE 5-like protein 2 | ABA-responsive element-binding protein 3 | Dc3 promoter-binding factor 3 | AtDPBF3 — Binds to the embryo specification element and the ABA-responsive element (ABRE) of the Dc3 gene promoter. Could participate in abscisic acid-regulated gene expression during seed development.
AT3G57920	SPL15	SBP	13630	Squamosa promoter-binding-like protein 15	squamosa promoter binding protein-like 15	Encodes a putative transcriptional regulator that is involved in the vegetative to reproductive phase transition. Expression is regulated by MIR156b.	Squamosa promoter-binding-like protein 15 — Trans-acting factor that binds specifically to the consensus nucleotide sequence 5'-TNCGTACAA-3'.
AT3G60490	ERF035	AP2/ERF	7329	Ethylene-responsive transcription factor ERF035	Integrase-type DNA-binding superfamily protein	encodes a member of the DREB subfamily A-4 of ERF/AP2 transcription factor family. The protein contains one AP2 domain. There are 17 members in this subfamily including TINY.	Ethylene-responsive transcription factor ERF035 — Probably acts as a transcriptional activator. Binds to the GCC-box pathogenesis-related promoter element. May be involved in the regulation of gene expression by stress factors and by components of stress signal transduction pathways.
AT3G60530	GATA4	GATA	1361	GATA transcription factor 4	GATA transcription factor 4	Encodes a member of the GATA factor family of zinc finger transcription factors.	GATA transcription factor 4 | AtGATA-4 — Transcriptional activator that specifically binds 5'-GATA-3' or 5'-GAT-3' motifs within gene promoters. May be involved in the regulation of some light-responsive genes.
AT3G60580	ZAT9	C2H2	8842	Zinc finger protein ZAT9	C2H2-like zinc finger protein	C2H2-like zinc finger protein;(source:Araport11)	Zinc finger protein ZAT9 — Probable transcription factor that may be involved in stress responses.
AT3G61150	HDG1	HD (homeobox)	8282	Homeobox-leucine zipper protein HDG1	homeodomain GLABROUS 1	Encodes a homeobox-leucine zipper family protein belonging to the HD-ZIP IV family.	Homeobox-leucine zipper protein HDG1 | HD-ZIP protein HDG1 | Homeodomain GLABRA 2-like protein 1 | AtHD-GL2-1 — Probable transcription factor. Promotes cuticle development probably by modulating the expression of the downstream genes BDG and FDH, possibly repressed in a CFL1-dependent manner. Involved, together with PDF2, in the regulation of flower organs development by promoting the expression of APETALA 3 (AP3) in the epidermis and internal cell layers of developing flowers. In opposition to BBM, seems to promote cell differentiation and giant cell identity via transcriptional repression of meristem and cell proliferation genes.
AT3G62420	BZIP53	bZIP	8374	bZIP transcription factor 53	basic region/leucine zipper motif 53	Encodes a group-S bZIP transcription factor. Forms heterodimers with group-C bZIP transcription factors. The heterodimers bind to the ACTCAT cis-element of proline dehydrogenase gene.	bZIP transcription factor 53 | AtbZIP53 — Transcription activator that binds DNA to the C-box-like motif (5'-TGCTGACGTCA-3'), ABRE elements, G-box-like motif (5'-CCACGTGGCC-3'), DOF (5'-AAAG-3'), I-box (5'-GATAA-3'), BS1 (5'-AGCGGG-3'), MY3 (5'-CGACG-3'), 5'-CAGTGCGC-3' and 5'-ACTCAT-3' sequence in target gene promoters. DNA-binding and subsequent transcription activation is triggered by heterodimerization with other bZIP proteins (e.g. BZIP1, BZIP10 and BZIP25). Promotes POX1/PRODH1 expression in response to hypoosmolarity stress. Transcriptional activator of seed maturation (MAT) genes (e.g. AT2S2), including seed storage protein (SSP) and late embryogenesis abundant (LEA) genes. Activated by low energy stress both by transcriptional and post-transcriptional mechanisms. Promotes dark-induced senescence and participates in the transcriptional reprogramming of amino acid metabolism during the dark-induced starvation response, especially when heterodimerized with BZIP1, by triggering accumulation of specific proteins including ASN1 and POX1/PRODH1.
AT4G00250	STKL2	Storekeeper	9162	Transcription factor STKL2	DNA-binding storekeeper protein-related transcriptional regulator	STKL2 is a DUF domain containing DNA binding protein that may be involved in mediating certain glucose responses. Binds to promoter of PGR, a putative plasma membrane glucose response regulator.	Transcription factor STKL2 | Protein Storekeeper-like 2 — Transcription repressor that binds DNA in a sequence-specific manner, 5'-GCCT-3', to regulate the expression of PGR. Acts as a modulatory component for the glucose-triggered developmental leaf growth process.
AT4G00730	ANL2	HD (homeobox)	5649	Homeobox-leucine zipper protein ANTHOCYANINLESS 2	Homeobox-leucine zipper family protein / lipid-binding START domain-containing protein	Encodes a homeodomain protein of the HD-GLABRA2 group. Involved in the accumulation of anthocyanin and in root development. Loss of function mutants have increased cell wall polysaccharide content.	Homeobox-leucine zipper protein ANTHOCYANINLESS 2 | HD-ZIP protein ANL2 | Homeodomain protein AHDP | Homeodomain transcription factor ANL2 — Probable transcription factor involved in the regulation of the tissue-specific accumulation of anthocyanins and in cellular organization of the primary root.
AT4G01250	WRKY22	WRKY	15204	WRKY transcription factor 22	WRKY family transcription factor	AtWRKY22 is a member of WRKY Transcription Factor; Group II-e.  It is involved in regulation of dark induced leaf senescence.	WRKY transcription factor 22 | WRKY DNA-binding protein 22 — Transcription factor involved in the expression of defense genes in innate immune response of plants. Interacts specifically with the W box (5'-(T)TGAC[CT]-3'), a frequently occurring elicitor-responsive cis-acting element. Activates WRKY 29, SIRK and its own promoters.
AT4G01280	RVE5	MYB-related	11909	Protein REVEILLE 5	Homeodomain-like superfamily protein	RVE5 is one of eleven homologous MYB-like transcription factors in Arabidopsis and a member of the RVE8 clade. Plays a minor role in clock regulation.	Protein REVEILLE 5 — Probable transcription factor.
AT4G01500	NGA4	AP2/ERF	2043	B3 domain-containing transcription factor NGA4	AP2/B3-like transcriptional factor family protein	AP2/B3-like transcriptional factor family protein;(source:Araport11)	B3 domain-containing transcription factor NGA4 | Protein NGATHA 4 — Regulates lateral organ growth. Functionally redundant with NGA1, NGA2 and NGA3.
AT4G01540	NTM1	NAC	11379	NAC domain-containing protein 68	NAC with transmembrane motif1	Encodes a membrane-bound NAC (for NAM, ATAF1/2, CUC2) transcription factor, designated NTM1 (for NAC with transmembrane motif1).  NTM1 regulates cell division in Arabidopsis.	NAC domain-containing protein 68 | ANAC068 | Protein NAC WITH TRANSMEMBRANE MOTIF 1 | Protein NTM1-like 12 — Transcription activator activated by proteolytic cleavage through regulated intramembrane proteolysis (RIP) mediated by calpain or its functional homolog. Regulates cytokinin signaling during cell division.
AT4G01550	NAC069	NAC	4298	NAC domain-containing protein 69	NAC domain containing protein 69	Encodes a plasma-membrane bound NAC transcription factor, whose controlled proteolytic activation allows it to enter the nucleus.	NAC domain-containing protein 69 | ANAC069 | Protein NAC WITH TRANSMEMBRANE MOTIF 2 | Protein NTM1-like 13 — Transcription activator activated by proteolytic cleavage through regulated intramembrane proteolysis (RIP). Involved in salt stress response during seed germination and seedling growth. Binds the auxin-responsive IAA30 gene promoter and may serve as a molecular link that interconnects a developmental feedback loop of auxin signaling with a salt signal transduction pathway during seed germination.
AT4G01680	MYB55	MYB	8273	Myb domain protein 55	myb domain protein 55	Encodes a putative transcription factor (MYB55).	Myb domain protein 55
AT4G04890	PDF2	HD (homeobox)	1978	Homeobox-leucine zipper protein PROTODERMAL FACTOR 2	protodermal factor 2	Encodes a homeodomain protein that is expressed in the LI layer of the vegetative, floral and inflorescence meristems. Binds to the L1 box promoter element which is required in some proteins for L1 specific expression.	Homeobox-leucine zipper protein PROTODERMAL FACTOR 2 | HD-ZIP protein PDF2 | Homeodomain transcription factor PDF2 — Probable transcription factor that binds to the L1 box DNA sequence 5'-TAAATG[CT]A-3'. Plays a role in maintaining the identity of L1 cells, possibly by interacting with their L1 box or other target-gene promoters; binds to the LIP1 gene promoter and stimulates its expression upon imbibition. Acts as a positive regulator of gibberellins (GAs)-regulated epidermal gene expression (e.g. LIP1, LIP2, LTP1, FDH and PDF1). Functionally redundant to ATML1. Involved, together with HDG proteins (e.g. HDG1, HDG2, HDG5 and HDG12), in the regulation of flower organs development by promoting the expression of APETALA 3 (AP3) in the epidermis and internal cell layers of developing flowers. Seems to promote cell differentiation.
AT4G05100	MYB74	MYB	2835	Transcription factor MYB74	myb domain protein 74	Member of the R2R3 factor gene family. Indole-3-Acetamide-Induced transcription Factor; decreases plant growth and contributes to the control of osmotic stress responses.	Transcription factor MYB74 | Myb-related protein 74 | AtMYB74 — Probable transcription factor that may function in salt stress response.
AT4G06746	RAP2.9	AP2/ERF	2105	Ethylene-responsive transcription factor RAP2-9	related to AP2 9	encodes a member of the DREB subfamily A-5 of ERF/AP2 transcription factor family (RAP2.9). The protein contains one AP2 domain. There are 16 members in this subfamily including RAP2.1 and RAP2.10.	Ethylene-responsive transcription factor RAP2-9 | Protein RELATED TO APETALA2 9 — Probably acts as a transcriptional activator. Binds to the GCC-box pathogenesis-related promoter element. May be involved in the regulation of gene expression by stress factors and by components of stress signal transduction pathways.
AT4G10350	NAC070	NAC	10772	Protein BEARSKIN2	NAC domain containing protein 70	NAC domain protein. SMB, BRN1, and BRN2  act to regulate root cap maturation, in a partially redundant fashion.BRN1 and BRN2, control the cell wall maturation processes that are required to detach root cap layers from the root.	Protein BEARSKIN2 | NAC domain-containing protein 70 | ANAC070 — Transcription activator. Together with BRN1 and SMB, regulates cellular maturation of root cap. Promotes the expression of genes involved in secondary cell walls (SCW) biosynthesis.
AT4G11660	AT-HSFB2B	HSF	3274	Heat stress transcription factor B-2b	winged-helix DNA-binding transcription factor family protein	Member of Heat Stress Transcription Factor (Hsf) family; part of the e XBAT31-  HSFB2a/B2b module which plays an important  role in maintaining fertility under heat  stress conditions.	Heat stress transcription factor B-2b | AtHsfB2b | AtHsf-11 | Heat shock factor protein 7 — Transcriptional regulator that specifically binds DNA sequence 5'-AGAAnnTTCT-3' known as heat shock promoter elements (HSE).
AT4G14770	TCX2	CPP	11284	Protein tesmin/TSO1-like CXC 2	TESMIN/TSO1-like CXC 2	Regulates fate transition and cell Divisions in the stomatal lineage.	Protein tesmin/TSO1-like CXC 2 | AtTCX2 | Protein TSO1-like 2 | Protein SOL2 — Plays a role in development of both male and female reproductive tissues.
AT4G15090	FAR1	FAR1	748	Protein FAR-RED IMPAIRED RESPONSE 1	FRS (FAR1 Related Sequences) transcription factor family	Encodes a nuclear localized protein involved in far red light response signaling. Loss of function mutants are defective in far red light responses. For example:prevents leaf senescence under high ratio of red/far-red light conditions.Interacts with homologous gene FHY3.	Protein FAR-RED IMPAIRED RESPONSE 1 — Transcription activator that recognizes and binds to the DNA consensus sequence 5'-CACGCGC-3'. Activates the expression of FHY1 and FHL involved in light responses. Positive regulator of chlorophyll biosynthesis via the activation of HEMB1 gene expression.
AT4G16150	CAMTA5	CAMTA	673	Calmodulin-binding transcription activator 5	calmodulin binding;transcription regulators	CATMA5 is a transcriptional activator. It acts in the cold response pathway, it can bind to and activate the expression of DREB1 genes.	Calmodulin-binding transcription activator 5 | AtCAMTA5 | Ethylene-induced calmodulin-binding protein f | EICBP.f — Transcription activator. Binds to the DNA consensus sequence 5'-[ACG]CGCG[GTC]-3'. Regulates transcriptional activity in response to calcium signals (Probable). Binds calmodulin in a calcium-dependent manner. Involved in response to cold. Contributes together with CAMTA3 to the positive regulation of the cold-induced expression of DREB1A/CBF3, DREB1B/CBF1 and DREB1C/CBF2.
AT4G16750	ERF039	AP2/ERF	10971	Ethylene-responsive transcription factor ERF039	Integrase-type DNA-binding superfamily protein	encodes a member of the DREB subfamily A-4 of ERF/AP2 transcription factor family. The protein contains one AP2 domain. There are 17 members in this subfamily including TINY.	Ethylene-responsive transcription factor ERF039 — Probably acts as a transcriptional activator. Binds to the GCC-box pathogenesis-related promoter element. May be involved in the regulation of gene expression by stress factors and by components of stress signal transduction pathways.
AT4G17980	NAC071	NAC	11524	NAC domain-containing protein 71	NAC domain containing protein 71	Encodes ANAC071, a transcription factor involved in cell proliferation in incised inflorescence stems.	NAC domain-containing protein 71 | ANAC071 — Transcription factor involved in tissue reunion of wounded inflorescence stems. Required for the division of pith cells in the reunion process, which is dependent on polar-transported auxin and the wound-inducible hormones ethylene and jasmonate. Binds to the promoters of XTH19 and XTH20 to induce their expression via auxin signaling. XTH19 and XTH20 are involved in cell proliferation in the tissue reunion process of incised stems. Involved in hypocotyl graft union formation. Required for the auxin- mediated promotion of vascular tissue proliferation during hypocotyl graft attachment.
AT4G18170	WRKY28	WRKY	9623	WRKY transcription factor 28	WRKY DNA-binding protein 28	Member of WRKY Transcription Factor; Group II-c.  Involved in the activation of salicylic acid biosynthesis genes ICS1 and PBS3. In the ovule, it is expressed in hypodermal somatic cells and appears to play a role in supression of megasporocyte cell fate. In the leaf if is upstream of  FHY3  and regulates light-mediated leaf senescence. Together with WRKY6 and WRKY41 plays a role redundant to WRKY51 in the suppression of RPW8.1	WRKY transcription factor 28 | WRKY DNA-binding protein 28 — Transcription factor. Interacts specifically with the W box (5'-(T)TGAC[CT]-3'), a frequently occurring elicitor-responsive cis-acting element.
AT4G18450	ERF091	AP2/ERF	537	Ethylene-responsive transcription factor ERF091	Integrase-type DNA-binding superfamily protein	encodes a member of the ERF (ethylene response factor) subfamily B-3 of ERF/AP2 transcription factor family. The protein contains one AP2 domain. There are 18 members in this subfamily including ATERF-1, ATERF-2, AND ATERF-5.	Ethylene-responsive transcription factor ERF091 — Probably acts as a transcriptional activator. Binds to the GCC-box pathogenesis-related promoter element. May be involved in the regulation of gene expression by stress factors and by components of stress signal transduction pathways.
AT4G18770	MYB98	MYB	4587	Transcription factor MYB98	myb domain protein 98	MYB98 is a member of the R2R3-MYB gene family, the members of which likely encode transcription factors. Within an ovule, MYB98 is expressed exclusively in the synergid cells, and mutations in this gene affect the female gametophyte specifically. myb98 female gametophytes are affected in two unique features of the synergid cell, pollen tube guidance and the filiform apparatus, but are otherwise normal. This suggests that MYB98 controls the development of specific features within the synergid cell during female gametophyte development. MYB98 also is expressed in trichomes and endosperm. Homozygous myb98 mutants exhibit no sporophytic defects, including trichome and endosperm defects.	Transcription factor MYB98 | Myb-related protein 98 | AtMYB98 — Transcription factor that binds to the motif 5'-GTAACNT-3' in the promoter of target genes (e.g. DD11 and DD18) and promotes their expression within synergid cells (e.g. in the filiform apparatus) in ovules. Required for the formation of the filiform apparatus during synergid cell differentiation in the female gametophyte. Involved in pollen tube guidance to the micropyle.
AT4G18880	HSFA4A	HSF	717	Heat stress transcription factor A-4a	heat shock transcription factor  A4A	Encodes a member of Heat Stress Transcription Factor(Hsf) family that is a substrate of the MPK3/MPK6 signaling and regulates stress responses.	Heat stress transcription factor A-4a | AtHsfA4a | AtHsf-15 | Heat shock factor protein 21 — Transcriptional activator that specifically binds DNA sequence 5'-AGAAnnTTCT-3' known as heat shock promoter elements (HSE).
AT4G18890	BEH3	BES1	787	BES1/BZR1 homolog protein 3	BES1/BZR1 homolog 3	BZR1/BES1 family protein.	BES1/BZR1 homolog protein 3
AT4G21030	ATDOF4.2	Dof	731	Dof zinc finger protein DOF4.2	Dof-type zinc finger domain-containing protein	Encodes a nuclear protein that can bind DNA in a sequence specific manner and is involved in seed coat development and shoot branching. It has been shown to activate transcription of a target gene, AtEXPA9.	Dof zinc finger protein DOF4.2 | AtDOF4.2 — Transcription factor that binds specifically to a 5'-AA[AG]G-3' consensus core sequence.
AT4G21040	DOF4.3	Dof	13144	Dof zinc finger protein DOF4.3	Dof-type zinc finger domain-containing protein	Dof-type zinc finger domain-containing protein;(source:Araport11)	Dof zinc finger protein DOF4.3 | AtDOF4.3 — Transcription factor that binds specifically to a 5'-AA[AG]G-3' consensus core sequence.
AT4G21080	DOF4.5	Dof	14693	Dof zinc finger protein DOF4.5	Dof-type zinc finger domain-containing protein	Dof-type zinc finger domain-containing protein;(source:Araport11)	Dof zinc finger protein DOF4.5 | AtDOF4.5 — Transcription factor that binds specifically to a 5'-AA[AG]G-3' consensus core sequence.
AT4G22070	WRKY31	WRKY	3122	Probable WRKY transcription factor 31	WRKY DNA-binding protein 31	member of WRKY Transcription Factor; Group II-b	Probable WRKY transcription factor 31 | WRKY DNA-binding protein 31 — Transcription factor. Interacts specifically with the W box (5'-(T)TGAC[CT]-3'), a frequently occurring elicitor-responsive cis-acting element.
AT4G23550	WRKY29	WRKY	12033	Probable WRKY transcription factor 29	WRKY family transcription factor	Encodes WRKY DNA-binding protein 29 (WRKY29). Together with ADF4 forms an ADF-WRKY-DNA complex on the promoters of defense genes, which stabilizes WRKY and further enhances its activity.	Probable WRKY transcription factor 29 | WRKY DNA-binding protein 29 — Transcription factor involved in the expression of defense genes in innate immune response of plants. Interacts specifically with the W box (5'-(T)TGAC[CT]-3'), a frequently occurring elicitor-responsive cis-acting element. Activates WRKY 22, SIRK and its own promoters.
AT4G24020	NLP7	RWP-RK	829	Protein NLP7	NIN like protein 7	Encodes NIN Like Protein 7 (NLP7).  Modulates nitrate sensing and metabolism.  Mutants of NLP7 show features of nitrogen-starved plants and are tolerant to drought stress.  Localized in the nucleus and functions as a putative transcription factor.	Protein NLP7 | AtNLP7 | NIN-like protein 7 | Nodule inception protein-like protein 7 — Transcription factor involved in regulation of nitrate assimilation and in transduction of the nitrate signal.
AT4G24240	WRKY7	WRKY	1772	Probable WRKY transcription factor 7	WRKY DNA-binding protein 7	Encodes a Ca-dependent calmodulin binding protein. Sequence similarity to the WRKY transcription factor gene family.	Probable WRKY transcription factor 7 | WRKY DNA-binding protein 7 — Transcription factor. Interacts specifically with the W box (5'-(T)TGAC[CT]-3'), a frequently occurring elicitor-responsive cis-acting element.
AT4G25470	CBF2	AP2/ERF	8523	Dehydration-responsive element-binding protein 1C	C-repeat/DRE binding factor 2	Encodes a member of the DREB subfamily A-1 of ERF/AP2 transcription factor family (CBF2). The protein contains one AP2 domain. There are six members in this subfamily, including CBF1, CBF2, and CBF3. This gene is involved in response to low temperature, abscisic acid, and circadian rhythm. Overexpressing this gene leads to increased freeze tolerance and induces the expression level of 85 cold-induced genes and reduces the expression level of 8 cold-repressed genes, which constitute the CBF2 regulon. Mutations in CBF2 increases the expression level of CBF1 and CBF3, suggesting that this gene may be involved in a negative regulatory or feedback circuit of the CBF pathway.	Dehydration-responsive element-binding protein 1C | Protein DREB1C | C-repeat/dehydration-responsive element-binding factor 2 | C-repeat-binding factor 2 — Transcriptional activator that binds specifically to the DNA sequence 5'-[AG]CCGAC-3'. Binding to the C-repeat/DRE element mediates cold-inducible transcription. CBF/DREB1 factors play a key role in freezing tolerance and cold acclimation.
AT4G25480	DREB1A	AP2/ERF	6745	Dehydration-responsive element-binding protein 1A	dehydration response element B1A	Encodes a member of the DREB subfamily A-1 of ERF/AP2 transcription factor family (CBF3). The protein contains one AP2 domain. There are six members in this subfamily, including CBF1, CBF2, and CBF3. This gene is involved in response to low temperature and abscisic acid.	Dehydration-responsive element-binding protein 1A | Protein DREB1A | C-repeat/dehydration-responsive element-binding factor 3 | C-repeat-binding factor 3 — Transcriptional activator that binds specifically to the DNA sequence 5'-[AG]CCGAC-3'. Binding to the C-repeat/DRE element mediates cold-inducible transcription. CBF/DREB1 factors play a key role in freezing tolerance and cold acclimation.
AT4G25490	CBF1	AP2/ERF	9342	Dehydration-responsive element-binding protein 1B	C-repeat/DRE binding factor 1	Transcriptional activator that binds to the DRE/CRT regulatory element and induces COR (cold-regulated) gene expression increasing plant freezing tolerance. It encodes a member of the DREB subfamily A-1 of ERF/AP2 transcription factor family (CBF1). The protein contains one AP2 domain. There are six members in this subfamily, including CBF1, CBF2, and CBF3. This gene is involved in response to low temperature and abscisic acid.	Dehydration-responsive element-binding protein 1B | Protein DREB1B | C-repeat/dehydration-responsive element-binding factor 1 | C-repeat-binding factor 1 — Transcriptional activator that binds specifically to the DNA sequence 5'-[AG]CCGAC-3'. Binding to the C-repeat/DRE element mediates cold-inducible transcription. CBF/DREB1 factors play a key role in freezing tolerance and cold acclimation.
AT4G26030		C2H2	8528	C2H2-like zinc finger protein	C2H2-like zinc finger protein	C2H2-like zinc finger protein;(source:Araport11)	C2H2-like zinc finger protein
AT4G26640	WRKY20	WRKY	2017	Probable WRKY transcription factor 20	WRKY family transcription factor family protein	member of WRKY Transcription Factor; Group I	Probable WRKY transcription factor 20 | WRKY DNA-binding protein 20 — Transcription factor. Interacts specifically with the W box (5'-(T)TGAC[CT]-3'), a frequently occurring elicitor-responsive cis-acting element.
AT4G27950	CRF4	AP2/ERF	1978	Ethylene-responsive transcription factor CRF4	cytokinin response factor 4	Encodes a member of the ERF (ethylene response factor) subfamily B-5 of ERF/AP2 transcription factor family. The protein contains one AP2 domain. There are 7 members in this subfamily. CRF proteins relocalize to the nucleus in response to cytokinin.	Ethylene-responsive transcription factor CRF4 | Protein CYTOKININ RESPONSE FACTOR 4 — Component of the cytokinin signaling pathway involved in cotyledons, leaves, and embryos development. Probably acts as a transcriptional activator. Binds to the GCC-box pathogenesis-related promoter element. May be involved in the regulation of gene expression by stress factors and by components of stress signal transduction pathways.
AT4G28500	NAC073	NAC	15520	NAC domain-containing protein 73	NAC domain containing protein 73	NAC domain transcription factor involved in secondary cell wall biosynthesis.	NAC domain-containing protein 73 | ANAC073 | Protein SECONDARY WALL-ASSOCIATED NAC DOMAIN PROTEIN 2 — Transcriptional activator that plays a regulatory role in the development of secondary cell wall fibers. Involved in the regulation of cellulose and hemicellulose biosynthetic genes as well as of genes involved in lignin polymerization and signaling. Is not a direct target of SND1.
AT4G29230	NAC075	NAC	3776	NAC domain-containing protein 75	NAC domain containing protein 75	NAC domain protein involved in negative regulation of flowering and secondary cell wall biosynthesis.	NAC domain-containing protein 75 | ANAC075 — Transcription activator involved in xylem formation. Promotes the expression of the secondary wall-associated transcription factor MYB46. Functions upstream of NAC030/VND7, a master switch of xylem vessel differentiation. Acts as a upstream regulator of NAC101/VND6 and LBD30/ASL19.
AT4G31060	ERF015	AP2/ERF	4807	Ethylene-responsive transcription factor ERF015	Integrase-type DNA-binding superfamily protein	encodes a member of the DREB subfamily A-5 of ERF/AP2 transcription factor family. The protein contains one AP2 domain. There are 15 members in this subfamily including RAP2.1, RAP2.9 and RAP2.10. A maternally expressed imprinted gene.	Ethylene-responsive transcription factor ERF015 — Probably acts as a transcriptional activator. Binds to the GCC-box pathogenesis-related promoter element. May be involved in the regulation of gene expression by stress factors and by components of stress signal transduction pathways.
AT4G31800	WRKY18	WRKY	14136	WRKY transcription factor 18	WRKY DNA-binding protein 18	Pathogen-induced transcription factor. Binds W-box sequences  in vitro. Forms protein complexes with itself and with WRKY40 and WRKY60. Constitutive expression of WRKY18  enhanced resistance to P. syringae, but its coexpression with WRKY40 or WRKY60 made plants more susceptible to both  P. syringae and B. cinerea. WRKY18, WRKY40, and WRKY60 have partially redundant roles in response to the hemibiotrophic bacterial pathogen Pseudomonas syringae and the necrotrophic fungal pathogen Botrytis cinerea, with WRKY18 playing a more important role than the other two.	WRKY transcription factor 18 | WRKY DNA-binding protein 18 | AtWRKY18 — Transcription factor. Interacts specifically with the W box (5'-(T)TGAC[CT]-3'), a frequently occurring elicitor-responsive cis-acting element. Positively modulates defense-related gene expression and disease resistance.
AT4G32730	PC-MYB1	MYB	11026	Transcription factor MYB3R-1	Homeodomain-like protein	Encodes a putative c-myb-like transcription factor with three MYB repeats. Part of the TSO1-MYB3R1 transcriptional module that controls the number and size of the stem cell pools at the shoot apex and root tip; the TSO1-MYB3R1 module is integrated with the cell cycle machinery to control cell division at the shoot meristem.	Transcription factor MYB3R-1 | Myb-related protein 3R-1 | Plant c-MYB-like protein 1 | Protein PC-MYB1 — Transcription factor that binds 5'-AACGG-3' motifs in gene promoters. Transcription activator involved in the regulation of cytokinesis, probably via the activation of several G2/M phase-specific genes transcription (e.g. KNOLLE). Transcription repressor that regulates organ growth. Binds to the promoters of G2/M-specific genes and to E2F target genes to prevent their expression in post-mitotic cells and to restrict the time window of their expression in proliferating cells. Required for the maintenance of diploidy.
AT4G32800	ERF043	AP2/ERF	3207	Ethylene-responsive transcription factor ERF043	Integrase-type DNA-binding superfamily protein	encodes a member of the DREB subfamily A-4 of ERF/AP2 transcription factor family. The protein contains one AP2 domain. There are 17 members in this subfamily including TINY.	Ethylene-responsive transcription factor ERF043 — Probably acts as a transcriptional activator. Binds to the GCC-box pathogenesis-related promoter element. May be involved in the regulation of gene expression by stress factors and by components of stress signal transduction pathways.
AT4G34410	RRTF1	AP2/ERF	4818	Ethylene-responsive transcription factor ERF109	redox responsive transcription factor 1	Encodes a member of the ERF (ethylene response factor) subfamily B-3 of ERF/AP2 transcription factor family. The protein contains one AP2 domain. There are 18 members in this subfamily including ATERF-1, ATERF-2, AND ATERF-5. Regulates programmed cell death (PCD) inhibitor genes. Involved in retarding programmed cell death under salt stress due to the regulation of processes participating in ROS inhibition. ERF-regulated transcripts belong to the tryptophan biosynthesis, tryptophan metabolism, and downstream plant hormone signal transduction pathways, where ERF109 potentially acts as a 'master switch' mediator of a cascade of consecutive events across the three pathways, promoting plant growth and re-adjustment to homeostasis due the direct participation in auxin biosynthesis leading to the plants ability to tolerate salt stress.	Ethylene-responsive transcription factor ERF109 — Probably acts as a transcriptional activator. Binds to the GCC-box pathogenesis-related promoter element. May be involved in the regulation of gene expression by stress factors and by components of stress signal transduction pathways.
AT4G34590	GBF6	bZIP	7781	bZIP transcription factor 11	G-box binding factor 6	Encodes a basic domain leucine zipper (bZip) transcription factor bZIP11. Translation is repressed by sucrose that results in ribosome stalling in the uORF2. Directly regulates gene expression of ASN1 and ProDH2, which are enzyme-coding genes involved in amino acid metabolism. Susceptibility factor during Pseudomonas syringae infection.	bZIP transcription factor 11 | AtbZIP11 | G-box-binding factor 6 | bZIP transcription factor ATB2 — Transcription factor that binds to the DNA sequence 5'-ACTCAT-3' in target gene promoters. Promotes POX1/PRODH1 expression in response to hypoosmolarity stress. Positively regulates the expression of ASN1 and POX2/PRODH2 genes, which are involved in amino acid metabolism. Regulates several metabolic pathways such as myo-inositol, raffinose and trehalose. Regulates several trehalose metabolism genes, including TRE1, TPP5 and TPP6. Mediates recruitment of the histone acetylation machinery to activate auxin-induced transcription. Interacts with ADA2B adapter protein to promote ADA2B-mediated recruitment of SAGA-like histone acetyltransferase complexes to specific auxin-responsive genes.
AT4G36160	NAC076	NAC	10533	NAC domain-containing protein 76	NAC domain containing protein 76	Encodes a NAC-domain transcription factor that is expressed in developing xylem. Over expression of this protein causes ectopic secondary cell wall growth. Complements some of the cell wall defects seen in SND1/NST1 double mutants.	NAC domain-containing protein 76 | ANAC076 | Protein VASCULAR RELATED NAC-DOMAIN 2 — Transcription activator that binds to the secondary wall NAC binding element (SNBE), 5'-(T/A)NN(C/T)(T/C/G)TNNNNNNNA(A/C)GN(A/C/T)(A/T)-3', in the promoter of target genes. Involved in xylem formation by promoting the expression of secondary wall-associated transcription factors and of genes involved in secondary wall biosynthesis and programmed cell death, genes driven by the secondary wall NAC binding element (SNBE). Triggers thickening of secondary walls.
AT4G36620	GATA19	GATA	199	GATA transcription factor 19	GATA transcription factor 19	Encodes a member of the GATA factor family of zinc finger transcription factors.	GATA transcription factor 19 | Protein HAN-LIKE 2 — Transcriptional regulator that specifically binds 5'-GATA-3' or 5'-GAT-3' motifs within gene promoters. Regulates both flower and shoot apical meristem (SAM) development, especially for establishing organ boundaries in shoots and flowers, probably by controlling the number and position of WUS-expressing cells.
AT4G36740	HB40	HD (homeobox)	16518	Homeobox-leucine zipper protein ATHB-40	homeobox protein 40	Encodes a homeodomain leucine zipper class I (HD-Zip I) protein.	Homeobox-leucine zipper protein ATHB-40 | HD-ZIP protein ATHB-40 | Homeodomain transcription factor ATHB-40 — Probable transcription factor.
AT4G36780	BEH2	BES1	4944	BES1/BZR1 homolog protein 2	BES1/BZR1 homolog 2	BZR1/BES1 family protein; BEH2-overexpressing plants have enhanced brassinosteroid responses. Overexpression of both BZR1 and BEH2 regulates BR-responsive gene expression. Together with  BEH1 plays an important role in the functional interaction between BZR1/BES1 family transcription factors.	BES1/BZR1 homolog protein 2
AT4G37180	HHO5	G2-like (GARP)	10041	Transcription factor HHO5	Homeodomain-like superfamily protein	UIF1 is a nuclear and cytoplasmically localized myb-domain containing member of the GARP G2-like subfamily of transcription factors. Interacts with ULT1 and binds to the WUS promoter. UIF1 binding domains are also found in CUC and AG promoters suggesting they are also direct targets.  This locus was also identified as a putative cytoskeletal protein in a yeast screen.	Transcription factor HHO5 | MYB-domain transcription factor HHO5 | Protein HRS1 HOMOLOG 5 | Protein ULT1 INTERACTING FACTOR 1 — Transcriptional repressor that functions with ULT1 in a pathway which regulates floral meristem homeostasis and organ number in the flower. Binds specifically to the DNA sequence motif 5'-GTAGATTCCT-3' of WUS promoter, and may be involved in direct regulation of WUS expression. Binds specifically to the DNA sequence motif 5'-AAGAATCTTT-3' found in the promoters of AG and the NAC domain genes CUC1, CUC2 and CUC3, and may be involved in direct regulation of these gene expressions.
AT4G37260	MYB73	MYB	7185	Transcription factor MYB73	myb domain protein 73	Member of the R2R3 factor gene family.	Transcription factor MYB73 | Myb-related protein 73 | AtMYB73 — Transcription factor that functions in salt stress response. Acts as a negative regulator of NHX7/SOS1 and CBL4/SOS3 induction in response to salt stress. In response to auxin, activates the transcription of the auxin-responsive gene IAA19. The IAA19 transcription activation by MYB73 is enhanced by direct interaction between MYB73 and PYL8.
AT4G38000	DOF4.7	Dof	7175	Dof zinc finger protein DOF4.7	DNA binding with one finger 4.7	DNA binding with one finger 4.7;(source:Araport11)	Dof zinc finger protein DOF4.7 | AtDOF4.7 | Protein DNA BINDING WITH ONE FINGER 4.7 — Transcription factor that binds specifically to a 5'-AA[AG]G-3' consensus core sequence. Involved in the negative regulation of floral organ abscission by binding to the typical DOF 5'-AAAG-3' sequences in the promoter of ADPG2/PGAZAT, and by down-regulating its expression. ADPG2/PGAZAT is an abscission-related and cell wall hydrolyzing polygalacturonase. May act through the interaction with ZFP2, an abscission-related transcription factor.
AT4G38170	FRS9	FAR1	6164	Protein FAR1-RELATED SEQUENCE 9	FAR1-related sequence 9	FAR1-related sequence 9;(source:Araport11)	Protein FAR1-RELATED SEQUENCE 9 — Putative transcription activator involved in regulating light control of development. May act as a negative regulator specific to phyB signaling.
AT5G01380	GT-3A	Trihelix	1235	Trihelix transcription factor GT-3a	Homeodomain-like superfamily protein	Homeodomain-like superfamily protein;(source:Araport11)	Trihelix transcription factor GT-3a | Trihelix DNA-binding protein GT-3a — Probable transcription factor that binds specifically to the core DNA sequence 5'-GTTAC-3'.
AT5G02320	MYB3R-5	MYB	2334	Transcription factor MYB3R-5	myb domain protein 3r-5	Encodes a putative c-MYB-like transcription factor of the MYB3R factor gene family (MYB3R5). Member of DREAM complex.	Transcription factor MYB3R-5 | Myb-related protein 3R-5 — Transcription factor that binds 5'-AACGG-3' motifs in gene promoters. Transcription repressor that regulates organ growth. Binds to the promoters of G2/M-specific genes and to E2F target genes to prevent their expression in post-mitotic cells and to restrict the time window of their expression in proliferating cells.
AT5G02460	DOF5.1	Dof	17923	Dof zinc finger protein DOF5.1	Dof-type zinc finger DNA-binding family protein	PEAR protein involved in the formation of a short-range concentration gradient that peaks at protophloem sieve elements, and activates gene expression that promotes radial growth. Locally promotes transcription of inhibitory HD-ZIP III genes, and thereby establishes a negative-feedback loop that forms a robust boundary that demarks the zone of cell division.	Dof zinc finger protein DOF5.1 | AtDOF5.1 | Protein PHLOEM EARLY DOF 2 — Transcription factor that binds specifically to a 5'-AA[AG]G-3' consensus core sequence. Binds to 5'-TAAAGT-3' motif in REV promoter to triggers its transcription, thus regulating adaxial-abaxial polarity and influencing leaf axial patterning in an auxin transport- and response-dependent manner (e.g. IAA6 and IAA19 genes expression). Probably involved in early processes for vascular development. The PEAR proteins (e.g. DOF2.4, DOF5.1, DOF3.2, DOF1.1, DOF5.6 and DOF5.3) activate gene expression that promotes radial growth of protophloem sieve elements.
AT5G02840	LCL1	MYB-related	4715	Protein REVEILLE 4	LHY/CCA1-like 1	Encodes RVE4, a homolog of the circadian rhythm regulator RVE8. rve4 rve6 rve8 triple mutants display an extremely long circadian period, with delayed and reduced expression of evening-phased clock genes. Involved in heat shock response.	Protein REVEILLE 4 | Myb transcription factor LHY/CCA1-like 1 — Probable transcription factor. RVE4, RVE6 and RVE8 are components of the circadian system acting synergistically to regulate flowering time, redundantly to regulate leaf growth, and antagonistically to regulate hypocotyl elongation; their action seems independent of ZTL and HY5.
AT5G03150	JKD	C2H2	1965	Zinc finger protein JACKDAW	C2H2-like zinc finger protein	JKD is a nuclear-localized putative transcription factor of the BIRDS/IDD C2H2 zinc finger family. JKD and its homologue BIB, restrict SHR movement to a single layer, the endodermis, and delimit tissue boundaries in the root meristem through a process that involves nuclear retention through protein complex formation. JKD mutation leads to periclinal divisions in the cortex, increased cell numbers in the circumference of the cortical and epidermal layers, a disrupted QC marker expression pattern, and disorganized QC and columella cells. This effect is enhanced in jkd bib double mutants where tissue boundaries cannot be maintained due to excessive SHR movement. JKD and BIB restrict CYCIND6 expression to cortex and endodermis stem cells to prevent formative divisions in the ground tissue.  JKD physically interacts with cell fate determinants SCR and SHR in a cell type specific manner. Native FRET-FLIM analysis showed higher JKD-SCR complex in the endodermis and predominant JKD-SHR in the QC and cortex/endodermis stem cells. In addition, JKD, SCR and SHR form a ternary complex whose conformation is cell type dependent, conformational changes of this complex differentially regulate SCR and WOX5 expression to specify endodermal cell fate and QC function respectively.	Zinc finger protein JACKDAW | ID1-like zinc finger protein 3 | Protein indeterminate-domain 10 — Transcription factor that, together with BIB, regulates tissue boundaries and asymmetric cell division by a rapid up-regulation of 'SCARECROW' (SCR), thus controlling the nuclear localization of 'SHORT-ROOT' (SHR) and restricting its action. Binds DNA via its zinc fingers. Recognizes and binds to SCL3 promoter sequence 5'-AGACAA-3' to promote its expression when in complex with RGA. Confines CYCD6 expression to the cortex-endodermis initial/daughter (CEI/CEID) tissues. Required for radial patterning and stem cell maintenance. Counteracted by 'MAGPIE' (MGP). Binds to the SCR and MGP promoter sequences. Controls position-dependent signals that regulate epidermal-cell-type patterning.
AT5G03790	HB51	HD (homeobox)	14882	Putative homeobox-leucine zipper protein ATHB-51	homeobox 51	Encodes a homeodomain leucine zipper class I (HD-Zip I) meristem identity regulator that acts together with LFY to induce CAL expression.  It binds to the CAL promoter proximal CAATNATTG element.  LMI1 acts primarily downstream of LFY in meristem identity regulation.  The interaction between LFY, LMI1 and CAL resembles a feed-forward loop transcriptional network motif.  The gene also had additional LFY-independent roles in leaf morphogenesis and bract formation.	Putative homeobox-leucine zipper protein ATHB-51 | HD-ZIP protein ATHB-51 | Homeodomain transcription factor ATHB-51 — Putative transcription factor.
AT5G04390	ZAT14L	C2H2	7462	C2H2-type zinc finger family protein	C2H2-type zinc finger family protein	C2H2-type zinc finger family protein;(source:Araport11)	C2H2-type zinc finger family protein
AT5G04410	NAC2	NAC	10001	NAC domain-containing protein 78	NAC domain containing protein 2	NAC family member, functions as a transcriptional activator, regulates flavonoid biosynthesis under high light.	NAC domain-containing protein 78 | ANAC078 | Protein NTM1-like 11 — Transcriptional activator activated by proteolytic cleavage through regulated intramembrane proteolysis (RIP). Transcription activator associated with the induction of genes related to flavonoid biosynthesis and required for the accumulation of anthocyanins in response to high light stress. Plays a role in the regulation of 20S and 26S proteasomes in response to high light stress.
AT5G05550	ENAP2	Trihelix	8898	Trihelix transcription factor ENAP2	sequence-specific DNA binding transcription factors	Encodes trihelix-domain transcription factor VFP5. Interacts with agrobacterium virulence protein VirF.	Trihelix transcription factor ENAP2 | Trihelix DNA-binding protein ENAP2 | Agrobacterium tumefaciens VirF-interacting protein 5 | EIN2 nuclear associated protein 2 — Probable transcription regulator. Promotes histone acetylation during ethylene signaling in an EIN2-dependent manner, thus regulating positively ethylene-responsive genes.
AT5G05790	MJJ3.20	MYB-related	3277	Duplicated homeodomain-like superfamily protein	Duplicated homeodomain-like superfamily protein	Duplicated homeodomain-like superfamily protein;(source:Araport11)	Duplicated homeodomain-like superfamily protein
AT5G06100	MYB33	MYB	14118	Transcription factor MYB33	myb domain protein 33	Encodes a member of the myb family of transcription factors (MYB33), contains Pfam profile: PF00249 myb DNA-binding domain. Double mutants with MYB65 are male sterile- anthers are small, pollen development is defective. Spatial expression appears to be under the control of miR159, contains a target site for this micro RNA. A highly conserved RNA secondary structure abuts the miR159 binding site which facilitates its regulation by miR159. When the target site is mutated, expression is detected in leaves, roots, anther filament, pistil. The expression of a translational fusion is specific to anther locules in contrast to constructs lacking the miR159 target site. Phenotype is conditional and can be restored by lower temperature or higher light intensity.	Transcription factor MYB33 | Myb-related protein 33 | AtMYB33 — Transcriptional activator of alpha-amylase expression that binds to 5'-CAACTGTC-3' motif in target gene promoter. Positive regulator of abscisic acid (ABA) responses leading to growth arrest during seed germination. In vegetative tissues, inhibits growth by reducing cell proliferation. Promotes the expression of aleurone-related genes (e.g. CP1, CP, GASA1, BXL1 and BXL2) in seeds. Together with MYB65 and MYB101, promotes the programmed cell death (PCD) the vacuolation of protein storage vacuoles (PSVs) in the aleurone layers during seed germination. Binds to a GARE site (GA-response element) in the LEAFY promoter, essential for its gibberellic acid (GA)-mediated induction. Together with MYB65, facilitates anther and tapetum development.
AT5G06839	TGA10	bZIP	4299	Transcription factor TGA10	bZIP transcription factor family protein	As part of miR319-TCPs-TGA9/TGA10/ROXY2 regulatory module controls cell fate specification in early anther development.	Transcription factor TGA10 | Protein TGACG (TGA) motif-binding protein 10 | bZIP transcription factor 65 | AtbZIP65 — Together with TGA9, basic leucine-zipper transcription factor required for anther development, probably via the activation of SPL expression in anthers and via the regulation of genes with functions in early and middle tapetal development. Required for signaling responses to pathogen-associated molecular patterns (PAMPs) such as flg22 that involves chloroplastic reactive oxygen species (ROS) production and subsequent expression of H(2)O(2)-responsive genes.
AT5G06950	AHBP-1B	bZIP	10780	Transcription factor TGA2	bZIP transcription factor family protein	Transcription factor of the B-ZIP family that has high affinity for C-box motifs. Interacts with NPR1 and may regulate PR gene expression. Phosphorylated by a CK2-like protein in vitro. Phosphorylation is enhanced by salicylic acid treatment. Under stress conditions, it acts to negatively control SA accumulation.   that induce the hormone production.	Transcription factor TGA2 | HBP-1b homolog | AHBP-1b | bZIP transcription factor 20 — Transcriptional activator that binds specifically to the DNA sequence 5'-TGACG-3'. Recognizes ocs elements like the as-1 motif of the cauliflower mosaic virus 35S promoter. Binding to the as-1-like cis elements mediate auxin- and salicylic acid-inducible transcription. Required to induce the systemic acquired resistance (SAR) via the regulation of pathogenesis-related genes expression. Binding to the as-1 element of PR-1 promoter is salicylic acid-inducible and mediated by NPR1. Could also bind to the C-boxes (5'-ATGACGTCAT-3') with high affinity.
AT5G06960	OBF5	bZIP	2308	Transcription factor TGA5	OCS-element binding factor 5	Encodes a basic leucine zipper (B-ZIP) containing protein that interacts with NPR1 to promote expression of salicylic acid induced genes. Binds the ocs-element.	Transcription factor TGA5 | Ocs element-binding factor 5 | OBF5 | bZIP transcription factor 26 — Transcriptional activator that binds specifically to the DNA sequence 5'-TGACG-3'. Recognizes ocs elements like the as-1 motif of the cauliflower mosaic virus 35S promoter. Binding to the as-1-like cis elements mediate auxin- and salicylic acid-inducible transcription. May be involved in the induction of the systemic acquired resistance (SAR) via its interaction with NPR1. Could also bind to the Hex-motif (5'-TGACGTGG-3') another cis-acting element found in plant histone promoters.
AT5G07310	ERF115	AP2/ERF	7795	Ethylene-responsive transcription factor ERF115	Integrase-type DNA-binding superfamily protein	encodes a member of the ERF (ethylene response factor) subfamily B-4 of ERF/AP2 transcription factor family. The protein contains one AP2 domain. There are 7 members in this subfamily. Cytokinin production induced by jasmonate represses adventitious rooting.	Ethylene-responsive transcription factor ERF115 — Acts as a transcriptional activator of the phytosulfokine PSK5 peptide hormone. Binds to the GCC-box pathogenesis-related promoter element. Rate-limiting factor of quiescent center cell division active when surrounding stem cells are damaged. Is a proteolytic target of APC/C-FZR1 complex.
AT5G07680	NAC080	NAC	2581	NAC domain-containing protein 79	NAC domain containing protein 80	NAC domain containing protein 80;(source:Araport11)	NAC domain-containing protein 79 | ANAC79 | ANAC80 | AtNAC79
AT5G08130	BIM1	bHLH	615	Transcription factor BIM1	basic helix-loop-helix (bHLH) DNA-binding superfamily protein	Encodes a basic helix-loop-helix (bHLH) family protein BIM1 (BES1-INTERACTING MYC-LIKE 1), involved in brassinosteroid signaling. It synergistically interacts with BES1 to bind to E box sequences (CANNTG). Positively modulates the shade avoidance syndrome in Arabidopsis seedlings.	Transcription factor BIM1 | BES1-interacting Myc-like protein 1 | Basic helix-loop-helix protein 46 | AtbHLH46 — Positive brassinosteroid-signaling protein. Transcription factor that bind specifically to the DNA sequence 5'-CANNTG-3'(E box). Can bind individually to the promoter as a homodimer or synergistically as a heterodimer with BZR2/BES1. Does not itself activate transcription but enhances BZR2/BES1-mediated target gene activation.
AT5G08330	TCP11	TCP	2557	Transcription factor TCP21	TCP family transcription factor	Circadian oscillator protein which interacts with bZIP63 and regulates a response of the circadian oscillator to sugar. Is not required for the sugar-induced circadian phase advance in the morning; regulates a response of CCA1 to sugars. Promotes together with TCP7, 8, 14, 15, 21, 22 and 23 endoreduplication-dependent cell expansion in leaf.	Transcription factor TCP21 | Protein CCA1 HIKING EXPEDITION | Protein CHE — Transcription factor involved in the regulation of the circadian clock. Acts as a repressor of CCA1 by binding to its promoter. No binding to the LHY promoter.
AT5G08520	SRM1	MYB-related	7535	Transcription factor SRM1	Duplicated homeodomain-like superfamily protein	Duplicated homeodomain-like superfamily protein;(source:Araport11)	Transcription factor SRM1 | Myb-related protein SRM1 | Protein SALT-RELATED MYB 1 — Transcription activator that coordinates abscisic acid (ABA) biosynthesis and signaling-related genes via binding to the specific promoter motif 5'-(A/T)AACCAT-3'. Represses ABA-mediated salt (e.g. NaCl and KCl) stress tolerance. Regulates leaf shape and promotes vegetative growth.
AT5G08750		Zinc finger (other)	872	RING/FYVE/PHD zinc finger superfamily protein	RING/FYVE/PHD zinc finger superfamily protein	RING/FYVE/PHD zinc finger superfamily protein;(source:Araport11)	RING/FYVE/PHD zinc finger superfamily protein
AT5G09410	EICBP.B	CAMTA	2295	Calmodulin-binding transcription activator 1	ethylene induced calmodulin binding protein	calmodulin-binding protein, similar to another ethylene-upregulated calmodulin-binding protein ER1 GI:11612392 from (Nicotiana tabacum)	Calmodulin-binding transcription activator 1 | AtCAMTA1 | Ethylene-induced calmodulin-binding protein b | EICBP.b — Transcription activator that binds calmodulin in a calcium-dependent manner in vitro. Binds to the DNA consensus sequence 5'-[ACG]CGCG[GTC]-3'. Regulates transcriptional activity in response to calcium signals (Probable). Involved in freezing tolerance. Involved in freezing tolerance in association with CAMTA2 and CAMTA3. Contributes together with CAMTA2 and CAMTA3 to the positive regulation of the cold-induced expression of DREB1A/CBF3, DREB1B/CBF1 and DREB1C/CBF2. Involved in drought stress responses by regulating several drought-responsive genes. Involved in auxin signaling and responses to abiotic stresses. Activates the expression of the V-PPase proton pump AVP1 in pollen.
AT5G10030	TGA4	bZIP	6110	Transcription factor TGA4	TGACG motif-binding factor 4	Encodes a member of basic leucine zipper transcription gene family.  Nomenclature according to Xiang, et al. (1997).	Transcription factor TGA4 | Ocs element-binding factor 4 | OBF4 | bZIP transcription factor 57 — Transcriptional activator that binds specifically to the DNA sequence 5'-TGACG-3'. Recognizes ocs elements like the as-1 motif of the cauliflower mosaic virus 35S promoter. Binding to the as-1-like cis elements mediate auxin- and salicylic acid-inducible transcription. May be involved in the induction of the systemic acquired resistance (SAR) via its interaction with NPR1. Could also bind to the Hex-motif (5'-TGACGTGG-3') another cis-acting element found in plant histone promoters.
AT5G10510	AIL6	AP2/ERF	511	AP2-like ethylene-responsive transcription factor AIL6	AINTEGUMENTA-like 6	Encodes an AP2-domain transcription factor involved in root stem cell identity and root development. It is also required to maintain high levels of PIN1 expression at the periphery of the meristem and modulate local auxin production in the central region of the SAM which underlies phyllotactic transitions. Intronic sequences are required for its expression in flowers.Acts redundantly with PLT5 and 7 in lateral root pattern formation.	AP2-like ethylene-responsive transcription factor AIL6 | Protein AINTEGUMENTA-LIKE 6 — Probably acts as a transcriptional activator. Binds to the GCC-box pathogenesis-related promoter element. May be involved in the regulation of gene expression by stress factors and by components of stress signal transduction pathways.
AT5G11260	HY5	bZIP	8124	Transcription factor HY5	Basic-leucine zipper (bZIP) transcription factor family protein	Basic leucine zipper (bZIP) transcription factor. Nuclear localization. Involved in light-regulated transcriptional activation of G-box-containing promoters. Negatively regulated by Cop1. Although cytokinins do not appear to affect the gene's promoter activity, they appear to stabilize the protein. HY5 plays a role in anthocyanin accumulation in far-red light and blue light, but not in red light or in the dark. Mutant studies showed that the gene product is involved in the positive regulation of the PHYA-mediated inhibition of hypocotyl elongation. Binds to G- and Z-boxes, and other ACEs, but not to E-box. Loss of function mutation shows ABA resistant seedling phenotypes suggesting involvement for HY5 in mediating ABA responses. Binds to the promoter of ABI5 and regulates its expression.Involved in the regulation of response to nutrient levels. Basic leucine zipper (bZIP) transcription factor. Nuclear localization. Involved in light-regulated transcriptional activation of G-box-containing promoters. Negatively regulated by Cop1. Although cytokinins do not appear to affect the gene Primes promoter activity, they appear to stabilize the protein. HY5 plays a role in anthocyanin accumulation in far-red light and blue light, but not in red light or in the dark. Mutant studies showed that the gene product is involved in the positive regulation of the PHYA-mediated inhibition of hypocotyl elongation. Binds to G- and Z-boxes, and other ACEs, but not to E-box. Loss of function …	Transcription factor HY5 | Protein LONG HYPOCOTYL 5 | bZIP transcription factor 56 | AtbZIP56 — Transcription factor that promotes photomorphogenesis in light. Acts downstream of the light receptor network and directly affects transcription of light-induced genes. Specifically involved in the blue light specific pathway, suggesting that it participates in transmission of cryptochromes (CRY1 and CRY2) signals to downstream responses. In darkness, its degradation prevents the activation of light-induced genes (Probable). Involved in responses to cold conditions probably by modulating the expression of several genes and triggering anthocyanin biosynthesis. Acts coordinately with SPL7 to regulate the microRNA miR408 and its target genes in response to changes in light and copper conditions. Regulates the abscisic acid (ABA) signaling pathway. Also involved in root gravitropism. Involved in the repression of hypocotyl cell elongation to promote photomorphogenesis. Recruits the histone deacetylase HDA15 to the promoters of a subset of cell wall organization and auxin signaling-related genes. HDA15 represses their transcription by decreasing the levels of histone H4 acetylation in a …
AT5G11510	MYB3R-4	MYB	1732	Transcription factor MYB3R-4	myb domain protein 3r-4	Arabidopsis thaliana putative c-myb-like transcription factor MYB3R-4.  Functions in powdery mildew induced host  endoreduplication at the site of infection. Activates mitotic gene expression, cytokinin response.	Transcription factor MYB3R-4 | Myb-related protein 3R-4 | Protein ENHANCED DEFECTIVE CYTOKINESIS — Transcription factor that binds 5'-AACGG-3' motifs in gene promoters. Involved in the regulation of cytokinesis, probably via the activation of several G2/M phase-specific genes transcription (e.g. KNOLLE). Required for the maintenance of diploidy.; Involved in transcription regulation during induced endoreduplication at the powdery mildew (e.g. G.orontii) infection site, thus promoting G.orontii growth and reproduction.
AT5G13080	WRKY75	WRKY	14151	Probable WRKY transcription factor 75	WRKY DNA-binding protein 75	WRKY75 is one of several transcription factors induced during Pi deprivation. It is nuclear localized and regulated differentially during Pi starvation. RNAi mediated suppression of WRKY75 made the plants  more susceptible to Pi stress as indicated by the  higher accumulation of anthocyanin during Pi starvation.	Probable WRKY transcription factor 75 | WRKY DNA-binding protein 75 — Transcription factor. Interacts specifically with the W box (5'-(T)TGAC[CT]-3'), a frequently occurring elicitor-responsive cis-acting element.
AT5G13180	NAC083	NAC	9759	NAC domain-containing protein 83	NAC domain containing protein 83	Encodes a NAC domain transcription factor that interacts with VND7 and negatively regulates xylem vessel formation; expression is both positively and negatively regulated  in the transcriptional cascade involved in xylem vessel formation. Negatively regulates the transcriptional activation activity of ATAF2 during leaf senescence.	NAC domain-containing protein 83 | ANAC083 | Protein VND-INTERACTING 2 — Transcriptional repressor that negatively regulates the expression of genes involved in xylem vessel formation. Represses the transcriptional activation activity of NAC030/VND7, which regulates protoxylem vessel differentiation by promoting immature xylem vessel-specific genes expression. Transcriptional activator that regulates the COLD-REGULATED (COR15A and COR15B) and RESPONSIVE TO DEHYDRATION (LTI78/RD29A and LTI65/RD29B) genes by binding directly to their promoters. Mediates signaling crosstalk between salt stress response and leaf aging process. May play a role in DNA replication of mungbean yellow mosaic virus.
AT5G13790	AGL15	MADS	2032	Agamous-like MADS-box protein AGL15	AGAMOUS-like 15	AGL15 (AGAMOUS-Like 15) is a member of the MADS domain family of regulatory factors. Although AGL15 is preferentially expressed during embryogenesis, AGL15 is also expressed in leaf primordia, shoot apical meristems and young floral buds, suggesting that AGL15 may play a role during post-germinative development. Transgenic plants that ectopically express AGL15 show delays in the transition to flowering, perianth abscission and senescence and fruit and seed maturation. Role in embryogenesis and gibberellic acid  catabolism. Targets B3 domain transcription factors that are key regulators of embryogenesis.AGL15 binds the HAE promoter in floral receptacles and represses HAE expression. AGL15 is phosphorylated in a MKK4/5 dependent manner in floral receptacles. Serines 231 and 257 are phosphorylated in floral receptacles. AGL15 also directly regulates the expression of the peroxidase PRX17, linking it to lignified tissue expression.	Agamous-like MADS-box protein AGL15 — Transcription factor involved in the negative regulation of flowering, probably through the photoperiodic pathway. Acts both as an activator and as a repressor of transcription. Binds DNA in a sequence-specific manner in large CArG motif 5'-CC (A/T)8 GG-3'. Participates probably in the regulation of programs active during the early stages of embryo development. Prevents premature perianth senescence and abscission, fruits development and seed desiccation. Stimulates the expression of at least DTA4, LEC2, FUS3, ABI3, AT4G38680/CSP2 and GRP2B/CSP4. Can enhance somatic embryo development in vitro.
AT5G13910	LEP	AP2/ERF	501	Ethylene-responsive transcription factor LEP	Integrase-type DNA-binding superfamily protein	Encodes a member of the ERF (ethylene response factor) subfamily B-1 of ERF/AP2 transcription factor family (LEAFY PETIOLE). The protein contains one AP2 domain. There are 15 members in this subfamily including ATERF-3, ATERF-4, ATERF-7, and LEAFY PETIOLE.  Acts as a positive regulator of gibberellic acid-induced germination.	Ethylene-responsive transcription factor LEP | Protein LEAFY PETIOLE — Cell division-promoting factor involved in leaf blade differentiation, inflorescence branching, as well as in carpel and silique shape. Promotes the number of xylem cells. Positively regulates the gibberellin signaling pathway leading to germination, hypocotyl elongation, and leaf expansion. Probably acts as a transcriptional activator. Binds to the GCC-box pathogenesis-related promoter element. May be involved in the regulation of gene expression by stress factors and by components of stress signal transduction pathways.
AT5G14960	DEL2	E2F/DP	979	E2F transcription factor-like E2FD	DP-E2F-like 2	DP-E2F-like 2;(source:Araport11)	E2F transcription factor-like E2FD | DP-E2F-like protein 2 | E2F-like repressor E2L1 — Inhibitor of E2F-dependent regulation of gene expression. Binds specifically the E2 recognition site as a monomer without interacting with DP proteins. May be up-regulating E2FA and down-regulating repressors of cell cycle progression. Promotes cell proliferation and represses cell elongation. Regulated by proteolysis via a ubiquitin-proteasome pathway.
AT5G15830	bZIP3	bZIP	6440	Basic leucine-zipper 3	basic leucine-zipper 3	Together with AS1 promotes CONSTANS-induced FLOWERING LOCUS T activation in a daylength-  dependent manner.	Basic leucine-zipper 3
AT5G16820	HSF3	HSF	10492	Heat stress transcription factor A-1b	heat shock factor 3	Encodes a putative transcription factor whose expression is not induced by heat but whose stable overexpression leads to expression of HSP.  Required early in the stress response for transient expression of heat shock genes.	Heat stress transcription factor A-1b | AtHsfA1b | AtHsf-18 | Heat shock factor protein 3 — Transcriptional activator that specifically binds DNA sequence 5'-AGAAnnTTCT-3' known as heat shock promoter elements (HSE).
AT5G17300	RVE1	MYB-related	17097	Protein REVEILLE 1	Homeodomain-like superfamily protein	Myb-like transcription factor that regulates hypocotyl growth by  regulating free auxin levels in a time-of-day specific manner.	Protein REVEILLE 1 — Morning-phased transcription factor integrating the circadian clock and auxin pathways. Binds to the evening element (EE) of promoters. Does not act within the central clock, but regulates free auxin levels in a time-of-day specific manner. Positively regulates the expression of YUC8 during the day, but has no effect during the night. Negative regulator of freezing tolerance.
AT5G17800	MYB56	MYB	4241	Transcription factor MYB56	myb domain protein 56	Member of the R2R3 factor gene family that acts as a cell-specific repressor of quiescent center (QC) divisions in the primary root, acting through the BR signaling pathway.   Works with BES1 to regulate QC division in the root.	Transcription factor MYB56 | Myb-related protein 56 | AtMYB56 | Protein BRASSINOSTEROIDS AT VASCULAR AND ORGANIZING CENTER — Acts as a cell-specific local repressor of quiescent center (QC) self-renewal by cell divisions in the primary root. Counteracts brassinosteroid (BR)-mediated cell division in the QC cells. Regulates maternally seed size, especially before the heart stage, promoting both endothelial cells expansion and cell number in the outer integument layer of the seed coat. Modulates the expression of genes involved in cell wall metabolism such as cell division and expansion. Negative regulator of flowering via the repression of FT transcription.
AT5G18270	ANAC087	NAC	4785	NAC domain-containing protein 87	Arabidopsis NAC domain containing protein 87	NAC domain containing protein 87;(source:Araport11)	NAC domain-containing protein 87 | ANAC087 — Binds to the promoter regions of genes involved in chlorophyll catabolic processes, such as NYC1, SGR1, SGR2 and PAO.
AT5G18450	DREB2G	AP2/ERF	2095	Dehydration-responsive element-binding protein 2G	Integrase-type DNA-binding superfamily protein	encodes a member of the DREB subfamily A-2 of ERF/AP2 transcription factor family. The protein contains one AP2 domain. There are eight members in this subfamily including DREB2A AND DREB2B that are involved in response to drought.	Dehydration-responsive element-binding protein 2G | Protein DREB2G — Transcriptional activator that binds specifically to the DNA sequence 5'-[AG]CCGAC-3'.
AT5G18560	PUCHI	AP2/ERF	2412	Ethylene-responsive transcription factor ERF086	Integrase-type DNA-binding superfamily protein	Encodes PUCHI, a member of the ERF (ethylene response factor) subfamily B-1 of ERF/AP2 transcription factor family. The protein contains one AP2 domain. There are 15 members in this subfamily including ATERF-3, ATERF-4, ATERF-7, and leafy petiole.  PUCHI is required for morphogenesis in the early lateral root primordium of Arabidopsis. Expressed in early floral meristem (stage 1 to 2). Required for early floral meristem growth and for bract suppression. Triple mutant with bop1 and bop2 displays a strong defect in the determination of floral meristem identity with reduced LFY expression and the lack of AP1 expression.	Ethylene-responsive transcription factor ERF086 — Probably acts as a transcriptional activator. May be involved in the regulation of gene expression by stress factors and by components of stress signal transduction pathways. Involved in the control of cell division patterns during the early lateral root primordium development. Acts downstream of auxin signaling. Regulated by ARF7 and ARF19 in response to auxin. Co-acts with LBD16 and LBD18 to control lateral root development. Involved in the determination of floral meristem identity and suppression of bract growth. Required for proper conversion of secondary inflorescences to flowers. Acts together with NPR5/BOP2 and NPR6/BOP1 to promote expression of LFY and AP1, two central regulators of floral meristem identity.
AT5G19790	RAP2.11	AP2/ERF	10668	Ethylene-responsive transcription factor RAP2-11	related to AP2 11	encodes a member of the ERF (ethylene response factor) subfamily B-6 of ERF/AP2 transcription factor family (RAP2.11). The protein contains one AP2 domain. There are 12 members in this subfamily including RAP2.11.	Ethylene-responsive transcription factor RAP2-11 | Protein RELATED TO APETALA2 11 — Probably acts as a transcriptional activator. Binds to the GCC-box pathogenesis-related promoter element. May be involved in the regulation of gene expression by stress factors and by components of stress signal transduction pathways.
AT5G22990	GAL3	C2H2	4337	C2H2-like zinc finger protein	C2H2-like zinc finger protein	Member of a small family of zinc finger containing putative transcription factors.Similar to GAZ.	C2H2-like zinc finger protein
AT5G23280	TCP7	TCP	842	Transcription factor TCP7	TCP family transcription factor	Transcription factor which plays an important role during leaf and hypocotyl development, redundantly, with at least six class I TCPs, and regulates the expression of CYCD1;1 to affect endoreplication. Promotes together with TCP8, 14 and 15 endoreduplication-dependent cell expansion in leaf.	Transcription factor TCP7
AT5G23930	MTERF34	mTERF	4466	Mitochondrial transcription termination factor family protein	Mitochondrial transcription termination factor family protein	Mitochondrial transcription termination factor family protein;(source:Araport11)	Mitochondrial transcription termination factor family protein
AT5G24110	WRKY30	WRKY	3839	Probable WRKY transcription factor 30	WRKY DNA-binding protein 30	member of WRKY Transcription Factor; Group III	Probable WRKY transcription factor 30 | WRKY DNA-binding protein 30 — Transcription factor. Interacts specifically with the W box (5'-(T)TGAC[CT]-3'), a frequently occurring elicitor-responsive cis-acting element.
AT5G25190	ESE3	AP2/ERF	5021	Ethylene-responsive transcription factor ERF003	Integrase-type DNA-binding superfamily protein	encodes a member of the ERF (ethylene response factor) subfamily B-6 of ERF/AP2 transcription factor family. The protein contains one AP2 domain. There are 12 members in this subfamily including RAP2.11.	Ethylene-responsive transcription factor ERF003 — Probably acts as a transcriptional activator. Binds to the GCC-box pathogenesis-related promoter element. May be involved in the regulation of gene expression by stress factors and by components of stress signal transduction pathways.
AT5G25810	tny	AP2/ERF	1602	Ethylene-responsive transcription factor TINY	Integrase-type DNA-binding superfamily protein	encodes a member of the DREB subfamily A-4 of ERF/AP2 transcription factor family (TINY). The protein contains one AP2 domain. There are 17 members in this subfamily including TINY. Ectopic or overexpression of this gene in a Ds tagged line has reduced cell expansion. The expression of this gene is induced by ethylene and light and appears to stimulate cytokinin biosynthesis.	Ethylene-responsive transcription factor TINY — Putative transcriptional activator.
AT5G26170	WRKY50	WRKY	10181	Probable WRKY transcription factor 50	WRKY DNA-binding protein 50	member of WRKY Transcription Factor; Group II-c.  Involved in jasmonic acid inducible defense responses.	Probable WRKY transcription factor 50 | WRKY DNA-binding protein 50 — Transcription factor. Interacts specifically with the W box (5'-(T)TGAC[CT]-3'), a frequently occurring elicitor-responsive cis-acting element.
AT5G29000	PHL1	G2-like (GARP)	4077	Protein PHR1-LIKE 1	Homeodomain-like superfamily protein	MYB-CC family member. PHL1 acts redundantly with PHR1 to regulate responses to Pi starvation.	Protein PHR1-LIKE 1 | Myb-like transcription factor 1 — Transcription factor acting as central integrator of phosphate starvation responses. Regulates FER1 expression upon phosphate starvation, linking iron and phosphate homeostasis.
AT5G39610	NAC6	NAC	6387	NAC domain-containing protein 92	NAC domain containing protein  6	Encodes a NAC-domain transcription factor. Positively regulates aging-induced cell death and senescence in leaves.  This gene is upregulated in response to salt stress in wildtype as well as NTHK1 transgenic lines although in the latter case the induction was drastically reduced. It was also upregulated by ABA, ACC and NAA treatment, although in the latter two cases, the induction occurred relatively late when compared with NaCl or ABA treatments. Note: this protein (AtNAC6) on occasion has also been referred to as AtNAC2, not to be confused with the AtNAC2 found at locus AT3G15510.	NAC domain-containing protein 92 | ANAC092 | AtNAC2 | AtNAC6 — Transcription activator that binds to DNA in promoters of target genes on a specific bipartite motif 5'-[ACG][CA]GT[AG](5-6n)[CT]AC[AG]-3'. Promotes lateral root development. Triggers the expression of senescence-associated genes during age-, salt- and dark-induced senescence through a regulatory network that may involve cross-talk with salt- and H(2)O(2)-dependent signaling pathways. Also regulates genes during seed germination. Positively regulates aging-induced cell death. Involved in age-related resistance (ARR) against Pseudomonas syringae pv. tomato and Hyaloperonospora arabidopsidis. Antagonizes GLK1 and GLK2 transcriptional activity, shifting the balance from chloroplast maintenance towards deterioration during leaf senescence. Promotes the expression of senescence-associated genes, including ENDO1/BFN1, SWEET15/SAG29 and SINA1/At3g13672, during senescence onset.
AT5G39760	HB23	HD (homeobox)	15422	Zinc-finger homeodomain protein 10	homeobox protein 23	Functions together with TZP in co-regulation of the expression of blue-light dependent transcriptional regulators. Coassociates with and regulates the expression of light-regulated loci as well as transcriptional regulators to shape plant development in response to environmental stimuli with targets in RNA processing factors as well as proteins involved in salt stress and ABA signaling, in addition to embryo development. Acts downstream of TZP action with regard to blue-light-regulated hypocotyl elongation.	Zinc-finger homeodomain protein 10 | AtZHD10 | Homeobox protein 23 | AtHB-23 — Putative transcription factor. Probably involved in establishing polarity during leaf development through the gibberellic acid (GA) signaling pathway.
AT5G39820	NAC094	NAC	705	Putative NAC domain-containing protein 94	NAC domain containing protein 94	NAC domain containing protein 94;(source:Araport11)	Putative NAC domain-containing protein 94 | ANAC094
AT5G41570	WRKY24	WRKY	10009	Probable WRKY transcription factor 24	WRKY DNA-binding protein 24	member of WRKY Transcription Factor; Group II-c	Probable WRKY transcription factor 24 | WRKY DNA-binding protein 24 — Transcription factor. Interacts specifically with the W box (5'-(T)TGAC[CT]-3'), a frequently occurring elicitor-responsive cis-acting element.
AT5G45300	BMY2	BES1	2622	Beta-amylase 8	beta-amylase 2	Encodes a beta-amylase-like protein present in the nucleus rather than targeted to the chloroplast. Contains BRASSINAZOLE RESISTANT1 (BZR1)-type DNA binding domains.  Activates gene expression in protoplast transactivation assays.	Beta-amylase 8 | 1,4-alpha-D-glucan maltohydrolase | Beta-amylase 2
AT5G45580	PHL11	G2-like (GARP)	16996	Myb family transcription factor PHL11	Homeodomain-like superfamily protein	GARP-G2-like transcription factor involved in low temperature regulation of flavonoid biosynthesis.	Myb family transcription factor PHL11 | Protein PHR1-LIKE 11
AT5G46350	WRKY8	WRKY	14033	WRKY transcription factor 8	WRKY DNA-binding protein 8	member of WRKY Transcription Factor; Group II-c Increased triacylglycerols (TAGs) after being transiently expressed in Nicotiana benthamiana.  Activated by LEC2.	WRKY transcription factor 8 | WRKY DNA-binding protein 8 — Transcription factor. Interacts specifically with the W box (5'-TTGAC[CT]-3'), a frequently occurring stress-responsive cis-acting element. Functions as a positive regulator of salt stress response. Binds the W box of LTI78/RD29A stress-response gene and directly regulates its transcription under salt stress. Functions antagonistically with VQ9 to regulate sodium and potassium homeostasis under salt stress by regulating the expression of downstream SOS (SALT OVERLY SENSITIVE) stress-responsive genes. The DNA-binding activity of WRKY8 is decreased by VQ9. Functions as a negative regulator of basal resistance to the bacterial pathogen P.syringae and as positive regulator of resistance to the fungal pathogen to B.cinerea. Functions as a positive regulator of defense response againt tobamovirus (TMV) by regulating both the abscisic acid and ethylene signaling pathways. Positively regulates ABI4 expression and negatively modulates ACS6 and ERF104 expression by directly binding to the W box consensus motifs within their promoters.
AT5G46590	NAC096	NAC	8428	NAC domain-containing protein 96	NAC domain containing protein 96	Transcription factor required for the initiation of cell division during wound healing. Redundantly involved with ANAC071 in the process of "cambialization".	NAC domain-containing protein 96 | ANAC096 — Transcriptional activator involved in the positive regulation of abscisic acid (ABA) responsive genes. Acts as a positive factor of ABA-mediated responses. Involved in the transcriptional activation of ABA-inducible genes in response to dehydration and osmotic stresses. Plays a positive role in both stomatal closure and water loss under dehydration stress conditions. Acts synergistically with ABF2 to activate the dehydration stress-response factor RD29A transcription. Binds to the consensus core cis-acting elements 5'-CGTA-3' and 5'-CACG-3' at the RD29A promoter. Involved in hypocotyl graft union formation. Required for the auxin-mediated promotion of vascular tissue proliferation during hypocotyl graft attachment.
AT5G46830	NIG1	bHLH	7057	Transcription factor bHLH28	NACL-inducible gene 1	Calcium-binding transcription factor involved in salt stress signaling.	Transcription factor bHLH28 | Basic helix-loop-helix protein 28 | AtbHLH28 | bHLH 28
AT5G47220	ERF2	AP2/ERF	663	Ethylene-responsive transcription factor 2	ethylene responsive element binding factor 2	Encodes a member of the ERF (ethylene response factor) subfamily B-3 of ERF/AP2 transcription factor family (ATERF-2). The protein contains one AP2 domain. Functions as activator of GCC box�dependent transcription. Positive regulator of JA-responsive defense genes and resistance to  F. oxysporum and enhances JA inhibition of root elongation.	Ethylene-responsive transcription factor 2 | AtERF2 | Ethylene-responsive element-binding factor 2 | EREBP-2 — Acts as a transcriptional activator. Binds to the GCC-box pathogenesis-related promoter element. Involved in the regulation of gene expression by stress factors and by components of stress signal transduction pathways. Involved in disease resistance pathways.
AT5G47230	ERF5	AP2/ERF	700	Ethylene-responsive transcription factor 5	ethylene responsive element binding factor 5	encodes a member of the ERF (ethylene response factor) subfamily B-3 of ERF/AP2 transcription factor family (ATERF-5). The protein contains one AP2 domain. There are 18 members in this subfamily including ATERF-1, ATERF-2, AND ATERF-5.	Ethylene-responsive transcription factor 5 | AtERF5 | Ethylene-responsive element-binding factor 5 | EREBP-5 — Acts as a transcriptional activator. Binds to the GCC-box pathogenesis-related promoter element. Involved in the regulation of gene expression by stress factors and by components of stress signal transduction pathways.
AT5G47370	HAT2	HD (homeobox)	8255	Homeobox-leucine zipper protein HAT2	Homeobox-leucine zipper protein 4 (HB-4) / HD-ZIP protein	homeobox-leucine zipper genes induced by auxin, but not by other phytohormones.  Plays opposite roles in the shoot and root tissues in regulating auxin-mediated morphogenesis.	Homeobox-leucine zipper protein HAT2 | Homeodomain-leucine zipper protein HAT2 | HD-ZIP protein 2 — Probable transcription factor that plays a role in auxin-mediated morphogenesis. Negatively regulates lateral root elongation.
AT5G47390	KUA1	MYB-related	12035	Transcription factor KUA1	myb-like transcription factor family protein	Encodes a circadian-regulated transcription factor which specifically controls cell expansion during leaf development by controlling ROS homeostasis.	Transcription factor KUA1 | Myb-related protein H | AtMYBH | AtMYBS3 — Transcriptional repressor. Direct regulator of the transcription of peroxidase (Prxs) and reactive oxygen species (ROS)-related genes via the recognition of 5'-ATCACA-3' motif. Binds to 5'-TATCCA-3' motif (TA box) and represses the activity of corresponding promoters (e.g. sugar response genes). Regulates hypocotyl elongation in response to darkness by enhancing auxin accumulation in a phytochrome-interacting factor (PIF) proteins-dependent manner. Promotes lateral roots formation. Promotes cell expansion during leaves development via the modulation of cell wall-located Prxs. Plays a critical role in developmentally regulated and dark-induced onset of leaf senescence by repressing the transcription of several genes involved in chloroplast function and responses to light and auxin. Promotes responses to auxin, abscisic acid (ABA), and ethylene.
AT5G47660	MNJ7.25	MYB-related	9003	Homeodomain-like superfamily protein	Homeodomain-like superfamily protein	Homeodomain-like superfamily protein;(source:Araport11)	Homeodomain-like superfamily protein
AT5G50670	SPL13B	SBP	1061	Squamosa promoter-binding-like protein 13B	Squamosa promoter-binding protein-like (SBP domain) transcription factor family protein	Together with SPL13B involved in floral transition. Expression reduced by Verticillium dahliae  SRNAs which affects the plant's miR157d which targets SPL13A and B.	Squamosa promoter-binding-like protein 13B — Trans-acting factor that binds specifically to the consensus nucleotide sequence 5'-TNCGTACAA-3'.
AT5G51190	ERF105	AP2/ERF	9145	Ethylene-responsive transcription factor ERF105	Integrase-type DNA-binding superfamily protein	encodes a member of the ERF (ethylene response factor) subfamily B-3 of ERF/AP2 transcription factor family. The protein contains one AP2 domain. There are 18 members in this subfamily including ATERF-1, ATERF-2, AND ATERF-5. Involved in regulating root architecture and the response to cold stress.	Ethylene-responsive transcription factor ERF105 — Probably acts as a transcriptional activator. Binds to the GCC-box pathogenesis-related promoter element. May be involved in the regulation of gene expression by stress factors and by components of stress signal transduction pathways.
AT5G51990	CBF4	AP2/ERF	13274	Dehydration-responsive element-binding protein 1D	C-repeat-binding factor 4	encodes a member of the DREB subfamily A-1 of ERF/AP2 transcription factor family (CBF4). The protein contains one AP2 domain. There are six members in this subfamily, including CBF1, CBF2, and CBF3. This gene is involved in response to drought stress and abscisic acid treatment, but not to low temperature.	Dehydration-responsive element-binding protein 1D | Protein DREB1D | C-repeat/dehydration-responsive element-binding factor 4 | C-repeat-binding factor 4 — Transcriptional activator that binds specifically to the DNA sequence 5'-[AG]CCGAC-3'. Binding to the C-repeat/DRE element mediates abscisic acid- and dehydration-inducible transcription. CBF/DREB1 factors play a key role in freezing tolerance and cold acclimation.
AT5G52020	ERF025	AP2/ERF	7033	Ethylene-responsive transcription factor ERF025	Integrase-type DNA-binding superfamily protein	encodes a member of the DREB subfamily A-4 of ERF/AP2 transcription factor family. The protein contains one AP2 domain. There are 17 members in this subfamily including TINY.	Ethylene-responsive transcription factor ERF025 — Probably acts as a transcriptional activator. Binds to the GCC-box pathogenesis-related promoter element. May be involved in the regulation of gene expression by stress factors and by components of stress signal transduction pathways.
AT5G52660	RVE6	MYB-related	11443	Protein REVEILLE 6	Homeodomain-like superfamily protein	Encodes RVE6, a homolog of the circadian rhythm regulator RVE8. rve4 rve6 rve8 triple mutants display an extremely long circadian period, with delayed and reduced expression of evening-phased clock genes.	Protein REVEILLE 6 — Probable transcription factor. RVE4, RVE6 and RVE8 are components of the circadian system acting synergistically to regulate flowering time, redundantly to regulate leaf growth, and antagonistically to regulate hypocotyl elongation; their action seems independent of ZTL and HY5.
AT5G52830	WRKY27	WRKY	13734	Probable WRKY transcription factor 27	WRKY DNA-binding protein 27	Encodes a WRKY transcription factor WRKY27.  Mutation in Arabidopsis WRKY27 results in delayed symptom development in response to the bacterial wilt pathogen Ralstonia solanacearum.	Probable WRKY transcription factor 27 | WRKY DNA-binding protein 27 — Transcription factor. Interacts specifically with the W box (5'-(T)TGAC[CT]-3'), a frequently occurring elicitor-responsive cis-acting element.
AT5G53950	CUC2	NAC	3383	Protein CUP-SHAPED COTYLEDON 2	NAC (No Apical Meristem) domain transcriptional regulator superfamily protein	Transcriptional activator of the NAC gene family, with CUC1 redundantly required for embryonic apical meristem formation, cotyledon separation and expression of STM.  Proper timing of CUC2 expression is required to maintain the phyllotactic pattern initiated in the meristem. CUC2 expression in leaf sinus region is required for serration and the extent of serration is modulated by mir164A mediated repression of CUC2. Together with CUC3-DA1-UBP15 part of a regulatory module which controls the initiation of  axillary meristems, thereby determining plant architecture. Regulates the axillary meristem initiation, directly binding to the DA1 promoter.	Protein CUP-SHAPED COTYLEDON 2 | NAC domain-containing protein 98 | ANAC098 | NAC domain-containing protein CUC2 — Transcription activator of STM and KNAT6. Involved in molecular mechanisms regulating shoot apical meristem (SAM) formation during embryogenesis and organ separation. Required for the fusion of septa of gynoecia along the length of the ovaries. Activates the shoot formation in callus in a STM-dependent manner. Controls leaf margin development and required for leaf serration. Involved in axillary meristem initiation and separation of the meristem from the main stem. Regulates the phyllotaxy throughout the plant development. Seems to act as an inhibitor of cell division.
AT5G54230	MYB49	MYB	6540	Myb domain protein 49	myb domain protein 49	MYB49 transcription factor. Binds to and promotes expression of genes involved in cadmium accumulation. Interacts with ABI5 which acts as a repressor preventing MYB49 induced expression of target genes.	Myb domain protein 49
AT5G56110	MYB80	MYB	9796	Transcription factor MYB80	myb domain protein 103	Encodes a member of the R2R3 MYB transcription factor gene family that is required for anther development by regulation tapetum development, callose dissolution and exine formation.  It acts upstream of MS2.	Transcription factor MYB80 | MYB-related protein 103 | AtMYB103 | Myb-related protein 80 — Transcription factor that binds to the DNA sequence 5'-CCAACC-3'. Regulates directly PME5, UND and GLOX1. Essential for tapetum development in anthers and microsporogenesis. Regulates the timing of tapetal programmed cell death (PCD) which is critical for pollen development. May act through the activation of UND, encoding an A1 aspartic protease. Required for anther development by regulating tapetum development, callose dissolution and exine formation. Acts upstream of A6 and FAR2/MS2, two genes required for pollen exine formation. Negatively regulates trichome endoreduplication and trichome branching.
AT5G56840	MIK19.31	MYB-related	14824	Myb-like transcription factor family protein	myb-like transcription factor family protein	myb-like transcription factor family protein;(source:Araport11)	Myb-like transcription factor family protein
AT5G58850	MYB119	MYB	7641	Transcription factor MYB119	myb domain protein 119	Encodes a putative transcription factor, member of the R2R3 factor gene family (MYB119).	Transcription factor MYB119 | Myb-related protein 119 | AtMYB119 — Transcription factor required for female gametophyte fertility. Acts redundantly with MYB64 to initiate the FG5 transition during female gametophyte development. The FG5 transition represents the switch between free nuclear divisions and cellularization-differentiation in female gametophyte, and occurs during developmental stage FG5.
AT5G58900	DIV1	MYB-related	13331	Homeodomain-like transcriptional regulator	Homeodomain-like transcriptional regulator	R-R-type MYB protein; transcription factor which positively modulates seed germination in response to salinity stress.	Homeodomain-like transcriptional regulator
AT5G59430	TRP1	MYB-related	563	Telomere repeat-binding protein 1	telomeric repeat binding protein 1	Encodes a telomeric repeat binding protein with a DNA binding domain at its C terminus. The DNA binding domain has a preference for GGTTTAG sequences and at least five of these repeats are required for recognition by a nearly full-length TRP1 protein.	Telomere repeat-binding protein 1 | AtTRP1 — Binds specifically to the plant telomeric double-stranded DNA sequences 5'-GGTTTAG-3'. At least 4 repeats of telomeric sequences are required for binding. Induces DNA bending.
AT5G60130		AP2/ERF	12890	B3 domain-containing protein At5g60130	AP2/B3-like transcriptional factor family protein	AP2/B3-like transcriptional factor family protein;(source:Araport11)	B3 domain-containing protein At5g60130
AT5G60850	OBP4	Dof	13802	Dof zinc finger protein DOF5.4	OBF binding protein 4	Encodes a zinc finger protein.	Dof zinc finger protein DOF5.4 | AtDOF5.4 | OBF-binding protein 4 — Transcription factor that binds specifically to a 5'-AA[AG]G-3' consensus core sequence. Enhances the DNA binding of OBF transcription factors to OCS elements.
AT5G61620		MYB-related	10442	Probable transcription factor At5g61620	myb-like transcription factor family protein	myb-like transcription factor family protein;(source:Araport11)	Probable transcription factor At5g61620 | Myb-related protein At5g61620 — Probable transcription factor involved in somatic embryogenesis. Acts as a positive regulator of BHLH109.
AT5G62000	ARF2	B3	9252	Auxin response factor 2	auxin response factor 2	Encodes an auxin response factor. Mutants have many defects including enlarged rosette leaves, reduced fertility, later senescence, hypocotyl elongation defects, enlarged seeds and enlarged cotyledons. May not mediate auxin effects. Increase in seed size due to increased cell proliferation. Encodes an auxin response factor. Mutants have many defects including enlarged rosette leaves, reduced fertility, later senescence, hypocotyl elongation defects, enlarged seeds and enlarged cotyledons. May not mediate auxin effects. Increase in seed size due to increased cell proliferation.Phosphorylation of ARF2 relieves repression of transcription of HAK5 and thereby promotes potassium uptake.	Auxin response factor 2 | ARF1-binding protein | ARF1-BP | Protein MEGAINTEGUMENTA — Auxin response factors (ARFs) are transcriptional factors that bind specifically to the DNA sequence 5'-TGTCTC-3' found in the auxin-responsive promoter elements (AuxREs). Could act as transcriptional activator or repressor. Formation of heterodimers with Aux/IAA proteins may alter their ability to modulate early auxin response genes expression. Promotes flowering, stamen development, floral organ abscission and fruit dehiscence. Functions independently of ethylene and cytokinin response pathways. May act as a repressor of cell division and organ growth.
AT5G62020	HSFB2A	HSF	1103	Heat stress transcription factor B-2a	heat shock transcription factor  B2A	member of Heat Stress Transcription Factor (Hsf) family	Heat stress transcription factor B-2a | AtHsfB2a | AtHsf-22 | Heat shock factor protein 6 — Transcriptional regulator that specifically binds DNA sequence 5'-AGAAnnTTCT-3' known as heat shock promoter elements (HSE).
AT5G62320	MYB99	MYB	3665	Myb domain protein 99	myb domain protein 99	Encodes a putative transcription factor (MYB99).	Myb domain protein 99
AT5G62380	NAC101	NAC	9419	NAC domain-containing protein 101	NAC-domain protein 101	Encodes a NAC-domain transcription factor involved in xylem formation. Induces transdifferentiation of various cells into metaxylem vessel elements. Located in the nucleus. Expression induced in the presence of auxin, cytokinin and brassinosteroids.	NAC domain-containing protein 101 | ANAC101 | Protein VASCULAR RELATED NAC-DOMAIN 6 — Transcription activator that binds to the secondary wall NAC binding element (SNBE), 5'-(T/A)NN(C/T)(T/C/G)TNNNNNNNA(A/C)GN(A/C/T)(A/T)-3', and to the tracheary elements (TE) specific regulating cis-element (TERE), 5'-CTTNAAAGCNA-3', in the promoter of target genes (e.g. genes involved in secondary wall biosynthesis, cell wall modification such as xylan accumulation, and programmed cell death). Involved in xylem formation in roots and shoots, especially regulating metaxylem vessel differentiation by promoting immature xylem vessel-specific genes expression, especially genes regulating programmed cell death (PCD) and secondary wall formation in tracheary elements (TE). Can activate MYB25, MYB46, MYB58, MYB63, MYB83, MYB103, CESA4, LBD15, LBD30, ERF115, XCP1, XCP2, NAC010/SND3, KNAT7, ASL19 and ASL20 expression.
AT5G62470	MYB96	MYB	1107	Transcription factor MYB96	myb domain protein 96	Encodes a R2R3 type Myb transcription factor whose expression is strongly induced by abscisic acid. Mediates abscisic acid signaling during drought stress response. Promotes seed fatty acid accumulation.	Transcription factor MYB96 | Myb-related protein 96 | AtMYB96 — Transcription activator involved in the activation of cuticular wax biosynthesis under drought stress. Binds directly to DNA consensus sequences found in the promoters of genes encoding very-long-chain fatty acid-condensing enzymes involved in cuticular wax biosynthesis. Functions together with MYB94 in the activation of cuticular wax biosynthesis. Involved in drought stress response through abscisic acid (ABA) signaling. Mediates ABA signals that enhance plant resistance to drought by reducing stomatal opening. Mediates ABA-auxin cross-talk to regulate lateral root growth under drought stress conditions. Involved in the regulation of ABA biosynthesis and ABA-dependent seed dormancy state. Binds to the promoters of NCED2 and NCED6, which are enzymes catalyzing the first step of ABA biosynthesis. Regulates seed germination by controlling the expression of ABI4, a repressor of lipid breakdown during seed germination. Binds to the promoter of LTP3 and transactivates LTP3 gene in response to drought stress and freezing. Involved in cold stress response. Binds directly to the promoters of heptahelical protein (HHP) genes …
AT5G62940	HCA2	Dof	16515	Dof zinc finger protein DOF5.6	Dof-type zinc finger DNA-binding family protein	HCA2 induces the formation of interfascicular  cambium and regulates vascular tissue development in the aerial parts of the plant. Evidence from both gain of function and dominant negative alleles. PEAR protein involved in the formation of a short-range concentration gradient that peaks at protophloem sieve elements, and activates gene expression that promotes radial growth. Locally promotes transcription of inhibitory HD-ZIP III genes, and thereby establishes a negative-feedback loop that forms a robust boundary that demarks the zone of cell division.	Dof zinc finger protein DOF5.6 | AtDOF5.6 | Protein HIGH CAMBIAL ACTIVITY 2 | Protein PHLOEM EARLY DOF HCA2 — Transcription factor that binds specifically to a 5'-AA[AG]G-3' consensus core sequence. Promotes expression. The PEAR proteins (e.g. DOF2.4, DOF5.1, DOF3.2, DOF1.1, DOF5.6 and DOF5.3) activate gene expression that promotes radial growth of protophloem sieve elements. Involved in the regulation of interfascicular cambium formation and vascular tissue development, particularly at a very early stage during inflorescence stem development; promotes both cambium activity and phloem specification, but prevents xylem specification.
AT5G63090	LOB	LBD	1184	Protein LATERAL ORGAN BOUNDARIES	Lateral organ boundaries (LOB) domain family protein	Involved in lateral organ development	Protein LATERAL ORGAN BOUNDARIES | ASYMMETRIC LEAVES 2-like protein 4 | AS2-like protein 4 — Not known; ectopic expression of LOB leads to alterations in the size and shape of leaves and floral organs and causes male and female sterility.
AT5G63260	AtC3H67	Zinc finger (other)	11158	Zinc finger CCCH domain-containing protein 67	Zinc finger C-x8-C-x5-C-x3-H type family protein	Zinc finger C-x8-C-x5-C-x3-H type family protein;(source:Araport11)	Zinc finger CCCH domain-containing protein 67 | AtC3H67 | Zinc finger CCCH domain-containing protein ZFN-like 5
AT5G64060	NAC103	NAC	4624	NAC domain containing protein 103	NAC domain containing protein 103	Involved in the maintenance of healthy root meristem under excess boron conditions in the absence of the RPT5A proteasome subunit.	NAC domain containing protein 103
AT5G64750	ABR1	AP2/ERF	7775	Ethylene-responsive transcription factor ABR1	Integrase-type DNA-binding superfamily protein	Encodes a putative transcription factor containing an AP2 domain. Is a member of the ERF (ethylene response factor) subfamily B-4 of ERF/AP2 transcription factor family.  Expressed in response to ABA, osmotic stress, sugar stress and drought. Mutants are hypersensitive to these stresses. May be involved in regulation of ABA mediated stress response.	Ethylene-responsive transcription factor ABR1 | Protein ABA REPRESSOR 1 — Negative regulator of the abscisic acid (ABA) signaling pathway involved in seed germination and in responses to stress conditions. Probably acts as a transcriptional activator. Binds to the GCC-box pathogenesis-related promoter element. May be involved in the regulation of gene expression by stress factors and by components of stress signal transduction pathways.
AT5G65130	ERF057	AP2/ERF	1742	Ethylene-responsive transcription factor ERF057	Integrase-type DNA-binding superfamily protein	encodes a member of the DREB subfamily A-6 of ERF/AP2 transcription factor family. The protein contains one AP2 domain. There are 8 members in this subfamily including RAP2.4.	Ethylene-responsive transcription factor ERF057 — Probably acts as a transcriptional activator. Binds to the GCC-box pathogenesis-related promoter element. May be involved in the regulation of gene expression by stress factors and by components of stress signal transduction pathways.
AT5G65210	TGA1	bZIP	7098	Transcription factor TGA1	bZIP transcription factor family protein	Encodes TGA1, a redox-controlled regulator of systemic acquired resistance.  TGA1 targets the activation sequence-1 (as-1) element of the promoter region of defense proteins. TGA1 are S-nitrosylated.	Transcription factor TGA1 | DNA-binding protein TGA1a-like protein | bZIP transcription factor 47 | AtbZIP47 — Transcriptional activator that binds specifically to the DNA sequence 5'-TGACG-3'. Recognizes ocs elements like the as-1 motif of the cauliflower mosaic virus 35S promoter. Binding to the as-1-like cis elements mediate auxin- and salicylic acid-inducible transcription. May be involved in the induction of the systemic acquired resistance (SAR) via its interaction with NPR1. Could also bind to the Hex-motif (5'-TGACGTGG-3') another cis-acting element found in plant histone promoters.
AT5G65310	HB5	HD (homeobox)	17060	Homeobox-leucine zipper protein ATHB-5	homeobox protein 5	Encodes a class I HDZip (homeodomain-leucine zipper) protein that is a positive regulator of ABA-responsiveness, mediating the inhibitory effect of ABA on growth during seedling establishment.	Homeobox-leucine zipper protein ATHB-5 | HD-ZIP protein ATHB-5 | Homeodomain transcription factor ATHB-5 — Probable transcription factor that acts as a positive regulator of ABA-responsiveness, mediating the inhibitory effect of ABA on growth during seedling establishment. Binds to the DNA sequence 5'-CAATNATTG-3'.
AT5G65410	HB25	HD (homeobox)	15259	Zinc-finger homeodomain protein 1	homeobox protein 25	Encodes ZFHD2, a member of the zinc finger homeodomain transcriptional factor family.Gain of function of ATHB25 (35S and UBQ10 proomoters) and double loss of function of ATHB25 and ATHB22 increases and decreases, respectively, seed longevity. This phenotype is maternal and related to seed coat alterations. Gain of function increases expression of GA3OX2 and GA4 and GA1 levels. Together with REM7 induces the expression of genes controlling shoot stem characteristics by ectopic expression in roots.	Zinc-finger homeodomain protein 1 | AtZHD1 | Homeobox protein 25 | AtHB-25 — Putative transcription factor.
AT5G65510	AIL7	AP2/ERF	2679	AP2-like ethylene-responsive transcription factor AIL7	AINTEGUMENTA-like 7	Encodes one of three PLETHORA transcription factors required to maintain high levels of PIN1 expression at the periphery of the meristem and modulate local auxin production in the central region of the SAM which underlies phyllotactic transitions.	AP2-like ethylene-responsive transcription factor AIL7 | Protein AINTEGUMENTA-LIKE 7 | Protein PLETHORA 7 — Probably acts as a transcriptional activator. Binds to the GCC-box pathogenesis-related promoter element. May be involved in the regulation of gene expression by stress factors and by components of stress signal transduction pathways.
AT5G66300	NAC105	NAC	3403	NAC domain-containing protein 105	NAC domain containing protein 105	Encodes a NAC-domain transcription factor. Expressed in the vascular tissue.	NAC domain-containing protein 105 | ANAC105 | Protein VASCULAR RELATED NAC-DOMAIN 3 — Transcription activator that binds to the secondary wall NAC binding element (SNBE), 5'-(T/A)NN(C/T)(T/C/G)TNNNNNNNA(A/C)GN(A/C/T)(A/T)-3', in the promoter of target genes. Involved in xylem formation by promoting the expression of secondary wall-associated transcription factors and of genes involved in secondary wall biosynthesis and programmed cell death, genes driven by the secondary wall NAC binding element (SNBE). Triggers thickening of secondary walls.
AT5G66700	HB53	HD (homeobox)	9750	Homeobox-leucine zipper protein ATHB-53	homeobox 53	Encodes a homeodomain protein. Member of HD-ZIP 1 family, most closely related to HB5.  AtHB53 is auxin-inducible and its induction is inhibited by cytokinin, especially in roots therefore may be involved in root development.	Homeobox-leucine zipper protein ATHB-53 | HD-ZIP protein ATHB-53 | Homeodomain transcription factor ATHB-53 — Probable transcription factor that may play a regulatory role in auxin/cytokinin signaling during root development.
AT5G66730	IDD1	C2H2	5126	Zinc finger protein ENHYDROUS	C2H2-like zinc finger protein	C2H2-like zinc finger protein;(source:Araport11)	Zinc finger protein ENHYDROUS | Protein indeterminate-domain 1 — Transcription factor promoting the transition to germination by regulating light and hormonal signaling during seed maturation. Acts as a positive regulator of phytochrome and/or gibberellin action.
AT5G66940	DOF5.8	Dof	15781	Dof zinc finger protein DOF5.8	Dof-type zinc finger DNA-binding family protein	Encodes a nuclear localized DOF-domain binding transcription factor.	Dof zinc finger protein DOF5.8 | AtDOF5.8 — Transcription factor that binds specifically to a 5'-AA[AG]G-3' consensus core sequence.
AT5G67190	DEAR2	AP2/ERF	13413	Ethylene-responsive transcription factor ERF010	DREB and EAR motif protein 2	encodes a member of the DREB subfamily A-5 of ERF/AP2 transcription factor family. The protein contains one AP2 domain. There are 16 members in this subfamily including RAP2.1, RAP2.9 and RAP2.10.	Ethylene-responsive transcription factor ERF010 — Probably acts as a transcriptional activator. Binds to the GCC-box pathogenesis-related promoter element. May be involved in the regulation of gene expression by stress factors and by components of stress signal transduction pathways.
AT5G67300	MYBR1	MYB	11038	Transcription factor MYB44	myb domain protein r1	Member of the R2R3 factor MYB gene family involved in mediating plant responses to a variety of abiotic stimiuli.	Transcription factor MYB44 | Myb-related protein 44 | AtMYB44 | Myb-related protein R1 — Transcription factor. Represses the expression of protein phosphatases 2C in response to abscisic acid (ABA). Confers resistance to abiotic stresses dependent of ABA. In response to auxin, activates the transcription of the auxin-responsive gene IAA19. The IAA19 transcription activation by MYB44 is enhanced by direct interaction between MYB44 and PYL8. Transcriptional activator of WRKY70 by direct binding to its promoter region, especially at 5'-TAACNG-3' and 5'-CNGTTA-3' symmetric motifs. Activates salicylic acid (SA)- mediated defenses and subsequent resistance to biotrophic pathogen P.syringae pv. tomato DC3000, but represses jasmonic acid (JA)-mediated defenses responses against the necrotrophic pathogen A.brassicicola.
AT5G67580	TRB2	MYB-related	5446	Telomere repeat-binding factor 2	Homeodomain-like/winged-helix DNA-binding family protein	Encodes a telomeric DNA binding protein and Single Myb Histone (SMH) gene family member. In vitro, the protein preferentially binds double-stranded telomeric repeats, but it can also bind to the single G-rich telomeric strand.	Telomere repeat-binding factor 2 | AtTRB2 | MYB transcription factor | Telomere-binding protein 3 — Binds preferentially double-stranded telomeric repeats, but it can also bind to the single G-rich telomeric strand.
